This is XeTeX, Version 3.141592653-2.6-0.999997 (MiKTeX 25.4) (preloaded format=xelatex 2025.9.4)  3 NOV 2025 16:34
entering extended mode
 \write18 enabled.
 %&-line parsing enabled.
**./main.tex
(main.tex
LaTeX2e <2025-06-01> patch level 1
L3 programming layer <2025-08-13>
(style.tex (C:\Program Files\MyDevEnvs\MiKTeX\tex/latex/base\book.cls
Document Class: book 2025/01/22 v1.4n Standard LaTeX document class
(C:\Program Files\MyDevEnvs\MiKTeX\tex/latex/base\bk11.clo
File: bk11.clo 2025/01/22 v1.4n Standard LaTeX file (size option)
)
\c@part=\count271
\c@chapter=\count272
\c@section=\count273
\c@subsection=\count274
\c@subsubsection=\count275
\c@paragraph=\count276
\c@subparagraph=\count277
\c@figure=\count278
\c@table=\count279
\abovecaptionskip=\skip49
\belowcaptionskip=\skip50
\bibindent=\dimen148
)
(C:\Program Files\MyDevEnvs\MiKTeX\tex/latex/fontspec\fontspec.sty
(C:\Program Files\MyDevEnvs\MiKTeX\tex/latex/l3packages/xparse\xparse.sty
(C:\Program Files\MyDevEnvs\MiKTeX\tex/latex/l3kernel\expl3.sty
Package: expl3 2025-08-13 L3 programming layer (loader) 

(C:\Program Files\MyDevEnvs\MiKTeX\tex/latex/l3backend\l3backend-xetex.def
File: l3backend-xetex.def 2025-06-09 L3 backend support: XeTeX
\g__graphics_track_int=\count280
\g__pdfannot_backend_int=\count281
\g__pdfannot_backend_link_int=\count282
))
Package: xparse 2024-08-16 L3 Experimental document command parser
)
Package: fontspec 2024/05/11 v2.9e Font selection for XeLaTeX and LuaLaTeX

(C:\Program Files\MyDevEnvs\MiKTeX\tex/latex/fontspec\fontspec-xetex.sty
Package: fontspec-xetex 2024/05/11 v2.9e Font selection for XeLaTeX and LuaLaTe
X
\l__fontspec_script_int=\count283
\l__fontspec_language_int=\count284
\l__fontspec_strnum_int=\count285
\l__fontspec_tmp_int=\count286
\l__fontspec_tmpa_int=\count287
\l__fontspec_tmpb_int=\count288
\l__fontspec_tmpc_int=\count289
\l__fontspec_em_int=\count290
\l__fontspec_emdef_int=\count291
\l__fontspec_strong_int=\count292
\l__fontspec_strongdef_int=\count293
\l__fontspec_tmpa_dim=\dimen149
\l__fontspec_tmpb_dim=\dimen150
\l__fontspec_tmpc_dim=\dimen151

(C:\Program Files\MyDevEnvs\MiKTeX\tex/latex/base\fontenc.sty
Package: fontenc 2024/12/21 v2.1c Standard LaTeX package
)
(C:\Program Files\MyDevEnvs\MiKTeX\tex/latex/fontspec\fontspec.cfg)))

Package fontspec Info: 
(fontspec)             Font family 'TimesNewRoman(0)' created for font 'Times
(fontspec)             New Roman' with options [Ligatures=TeX].
(fontspec)              
(fontspec)              This font family consists of the following NFSS
(fontspec)             series/shapes:
(fontspec)              
(fontspec)             - 'normal' (m/n) with NFSS spec.: <->"Times New
(fontspec)             Roman/OT:script=latn;language=dflt;mapping=tex-text;"
(fontspec)             - 'small caps'  (m/sc) with NFSS spec.: <->"Times New
(fontspec)             Roman/OT:script=latn;language=dflt;+smcp;mapping=tex-tex
t;"
(fontspec)             - 'bold' (b/n) with NFSS spec.: <->"Times New
(fontspec)             Roman/B/OT:script=latn;language=dflt;mapping=tex-text;"
(fontspec)             - 'bold small caps'  (b/sc) with NFSS spec.: <->"Times
(fontspec)             New
(fontspec)             Roman/B/OT:script=latn;language=dflt;+smcp;mapping=tex-t
ext;"
(fontspec)             - 'italic' (m/it) with NFSS spec.: <->"Times New
(fontspec)             Roman/I/OT:script=latn;language=dflt;mapping=tex-text;"
(fontspec)             - 'italic small caps'  (m/scit) with NFSS spec.:
(fontspec)             <->"Times New
(fontspec)             Roman/I/OT:script=latn;language=dflt;+smcp;mapping=tex-t
ext;"
(fontspec)             - 'bold italic' (b/it) with NFSS spec.: <->"Times New
(fontspec)             Roman/BI/OT:script=latn;language=dflt;mapping=tex-text;"

(fontspec)             - 'bold italic small caps'  (b/scit) with NFSS spec.:
(fontspec)             <->"Times New
(fontspec)             Roman/BI/OT:script=latn;language=dflt;+smcp;mapping=tex-
text;"


Package fontspec Info: 
(fontspec)             Font family 'Arial(0)' created for font 'Arial' with
(fontspec)             options [Ligatures=TeX].
(fontspec)              
(fontspec)              This font family consists of the following NFSS
(fontspec)             series/shapes:
(fontspec)              
(fontspec)             - 'normal' (m/n) with NFSS spec.:
(fontspec)             <->"Arial/OT:script=latn;language=dflt;mapping=tex-text;
"
(fontspec)             - 'small caps'  (m/sc) with NFSS spec.:
(fontspec)             <->"Arial/OT:script=latn;language=dflt;+smcp;mapping=tex
-text;"
(fontspec)             - 'bold' (b/n) with NFSS spec.:
(fontspec)             <->"Arial/B/OT:script=latn;language=dflt;mapping=tex-tex
t;"
(fontspec)             - 'bold small caps'  (b/sc) with NFSS spec.:
(fontspec)             <->"Arial/B/OT:script=latn;language=dflt;+smcp;mapping=t
ex-text;"
(fontspec)             - 'italic' (m/it) with NFSS spec.:
(fontspec)             <->"Arial/I/OT:script=latn;language=dflt;mapping=tex-tex
t;"
(fontspec)             - 'italic small caps'  (m/scit) with NFSS spec.:
(fontspec)             <->"Arial/I/OT:script=latn;language=dflt;+smcp;mapping=t
ex-text;"
(fontspec)             - 'bold italic' (b/it) with NFSS spec.:
(fontspec)             <->"Arial/BI/OT:script=latn;language=dflt;mapping=tex-te
xt;"
(fontspec)             - 'bold italic small caps'  (b/scit) with NFSS spec.:
(fontspec)             <->"Arial/BI/OT:script=latn;language=dflt;+smcp;mapping=
tex-text;"


Package fontspec Info: 
(fontspec)             Font family 'CourierNew(0)' created for font 'Courier
(fontspec)             New' with options
(fontspec)             [WordSpace={1,0,0},HyphenChar=None,PunctuationSpace=Word
Space].
(fontspec)              
(fontspec)              This font family consists of the following NFSS
(fontspec)             series/shapes:
(fontspec)              
(fontspec)             - 'normal' (m/n) with NFSS spec.: <->"Courier
(fontspec)             New/OT:script=latn;language=dflt;"
(fontspec)             - 'bold' (b/n) with NFSS spec.: <->"Courier
(fontspec)             New/B/OT:script=latn;language=dflt;"
(fontspec)             - 'italic' (m/it) with NFSS spec.: <->"Courier
(fontspec)             New/I/OT:script=latn;language=dflt;"
(fontspec)             - 'bold italic' (b/it) with NFSS spec.: <->"Courier
(fontspec)             New/BI/OT:script=latn;language=dflt;"


(C:\Program Files\MyDevEnvs\MiKTeX\tex/generic/babel\babel.sty
Package: babel 2025/08/03 v25.12 The multilingual framework for LuaLaTeX, pdfLa
TeX and XeLaTeX
\babel@savecnt=\count294
LaTeX Encoding Info:    Redeclaring text command \ij (encoding OT1) on input li
ne 2045.
LaTeX Encoding Info:    Redeclaring text command \IJ (encoding OT1) on input li
ne 2047.
LaTeX Encoding Info:    Redeclaring text command \ij (encoding T1) on input lin
e 2049.
LaTeX Encoding Info:    Redeclaring text command \IJ (encoding T1) on input lin
e 2050.
LaTeX Encoding Info:    Ignoring declaration for text command \ij (encoding ?) 
on input line 2051.
LaTeX Encoding Info:    Ignoring declaration for text command \IJ (encoding ?) 
on input line 2053.
LaTeX Encoding Info:    Ignoring declaration for text command \SS (encoding ?) 
on input line 2078.
\U@D=\dimen152
\l@unhyphenated=\language79

(C:\Program Files\MyDevEnvs\MiKTeX\tex/generic/babel\xebabel.def)
\bbl@readstream=\read2
\bbl@dirlevel=\count295

*************************************
* Local config file bblopts.cfg used
*
(C:\Program Files\MyDevEnvs\MiKTeX\tex/latex/arabi\bblopts.cfg
File: bblopts.cfg 2005/09/08 v0.1 add Arabic and Farsi to "declared" options of
 babel
)
(C:\Users\bong1\AppData\Roaming\MiKTeX\tex/latex/babel-vietnamese\vietnamese.ld
f
Language: vietnamese 

(C:\Program Files\MyDevEnvs\MiKTeX\tex/generic/babel/locale/vi\babel-vietnamese
.tex
Package babel Info: Importing font and identification data for vietnamese
(babel)             from babel-vi.ini. Reported on input line 12.
)

Package babel Warning: No hyphenation patterns were preloaded for
(babel)                the language 'Vietnamese' into the format.
(babel)                Please, configure your TeX system to add them and
(babel)                rebuild the format. Now I will use the patterns
(babel)                preloaded for \language=0 instead on input line 36.

Package babel Info: Hyphen rules for 'vietnamese' set to \l@english
(babel)             (\language0). Reported on input line 37.
Package babel Info: Hyphen rules for 'vietnam' set to \l@english
(babel)             (\language0). Reported on input line 38.
Package babel Info: Making " an active character on input line 147.
)) (C:\Program Files\MyDevEnvs\MiKTeX\tex/latex/amsmath\amsmath.sty
Package: amsmath 2025/06/16 v2.17y AMS math features
\@mathmargin=\skip51

For additional information on amsmath, use the `?' option.
(C:\Program Files\MyDevEnvs\MiKTeX\tex/latex/amsmath\amstext.sty
Package: amstext 2024/11/17 v2.01 AMS text

(C:\Program Files\MyDevEnvs\MiKTeX\tex/latex/amsmath\amsgen.sty
File: amsgen.sty 1999/11/30 v2.0 generic functions
\@emptytoks=\toks17
\ex@=\dimen153
))
(C:\Program Files\MyDevEnvs\MiKTeX\tex/latex/amsmath\amsbsy.sty
Package: amsbsy 1999/11/29 v1.2d Bold Symbols
\pmbraise@=\dimen154
)
(C:\Program Files\MyDevEnvs\MiKTeX\tex/latex/amsmath\amsopn.sty
Package: amsopn 2022/04/08 v2.04 operator names
)
\inf@bad=\count296
LaTeX Info: Redefining \frac on input line 233.
\uproot@=\count297
\leftroot@=\count298
LaTeX Info: Redefining \overline on input line 398.
LaTeX Info: Redefining \colon on input line 409.
\classnum@=\count299
\DOTSCASE@=\count300
LaTeX Info: Redefining \ldots on input line 495.
LaTeX Info: Redefining \dots on input line 498.
LaTeX Info: Redefining \cdots on input line 619.
\Mathstrutbox@=\box53
\strutbox@=\box54
LaTeX Info: Redefining \big on input line 721.
LaTeX Info: Redefining \Big on input line 722.
LaTeX Info: Redefining \bigg on input line 723.
LaTeX Info: Redefining \Bigg on input line 724.
\big@size=\dimen155
LaTeX Font Info:    Redeclaring font encoding OML on input line 742.
LaTeX Font Info:    Redeclaring font encoding OMS on input line 743.
\macc@depth=\count301
LaTeX Info: Redefining \bmod on input line 904.
LaTeX Info: Redefining \pmod on input line 909.
LaTeX Info: Redefining \smash on input line 939.
LaTeX Info: Redefining \relbar on input line 969.
LaTeX Info: Redefining \Relbar on input line 970.
\c@MaxMatrixCols=\count302
\dotsspace@=\muskip17
\c@parentequation=\count303
\dspbrk@lvl=\count304
\tag@help=\toks18
\row@=\count305
\column@=\count306
\maxfields@=\count307
\andhelp@=\toks19
\eqnshift@=\dimen156
\alignsep@=\dimen157
\tagshift@=\dimen158
\tagwidth@=\dimen159
\totwidth@=\dimen160
\lineht@=\dimen161
\@envbody=\toks20
\multlinegap=\skip52
\multlinetaggap=\skip53
\mathdisplay@stack=\toks21
LaTeX Info: Redefining \[ on input line 2949.
LaTeX Info: Redefining \] on input line 2950.
)
(C:\Program Files\MyDevEnvs\MiKTeX\tex/latex/amsfonts\amssymb.sty
Package: amssymb 2013/01/14 v3.01 AMS font symbols

(C:\Program Files\MyDevEnvs\MiKTeX\tex/latex/amsfonts\amsfonts.sty
Package: amsfonts 2013/01/14 v3.01 Basic AMSFonts support
\symAMSa=\mathgroup4
\symAMSb=\mathgroup5
LaTeX Font Info:    Redeclaring math symbol \hbar on input line 98.
LaTeX Font Info:    Overwriting math alphabet `\mathfrak' in version `bold'
(Font)                  U/euf/m/n --> U/euf/b/n on input line 106.
))
(C:\Users\bong1\AppData\Roaming\MiKTeX\tex/latex/amscls\amsthm.sty
Package: amsthm 2020/05/29 v2.20.6
\thm@style=\toks22
\thm@bodyfont=\toks23
\thm@headfont=\toks24
\thm@notefont=\toks25
\thm@headpunct=\toks26
\thm@preskip=\skip54
\thm@postskip=\skip55
\thm@headsep=\skip56
\dth@everypar=\toks27
)
(C:\Users\bong1\AppData\Roaming\MiKTeX\tex/latex/caption\caption.sty
Package: caption 2023/08/05 v3.6o Customizing captions (AR)

(C:\Users\bong1\AppData\Roaming\MiKTeX\tex/latex/caption\caption3.sty
Package: caption3 2023/07/31 v2.4d caption3 kernel (AR)

(C:\Program Files\MyDevEnvs\MiKTeX\tex/latex/graphics\keyval.sty
Package: keyval 2022/05/29 v1.15 key=value parser (DPC)
\KV@toks@=\toks28
)
\caption@tempdima=\dimen162
\captionmargin=\dimen163
\caption@leftmargin=\dimen164
\caption@rightmargin=\dimen165
\caption@width=\dimen166
\caption@indent=\dimen167
\caption@parindent=\dimen168
\caption@hangindent=\dimen169
Package caption Info: Standard document class detected.
)
\c@caption@flags=\count308
\c@continuedfloat=\count309
)
(C:\Program Files\MyDevEnvs\MiKTeX\tex/latex/tools\tabularx.sty
Package: tabularx 2023/12/11 v2.12a `tabularx' package (DPC)

(C:\Program Files\MyDevEnvs\MiKTeX\tex/latex/tools\array.sty
Package: array 2025/06/08 v2.6j Tabular extension package (FMi)
\col@sep=\dimen170
\ar@mcellbox=\box55
\extrarowheight=\dimen171
\NC@list=\toks29
\extratabsurround=\skip57
\backup@length=\skip58
\ar@cellbox=\box56
)
\TX@col@width=\dimen172
\TX@old@table=\dimen173
\TX@old@col=\dimen174
\TX@target=\dimen175
\TX@delta=\dimen176
\TX@cols=\count310
\TX@ftn=\toks30
)
(C:\Users\bong1\AppData\Roaming\MiKTeX\tex/latex/csquotes\csquotes.sty
Package: csquotes 2024-04-04 v5.2o context-sensitive quotations (JAW)

(C:\Program Files\MyDevEnvs\MiKTeX\tex/latex/etoolbox\etoolbox.sty
Package: etoolbox 2025/02/11 v2.5l e-TeX tools for LaTeX (JAW)
\etb@tempcnta=\count311
)
\csq@reset=\count312
\csq@gtype=\count313
\csq@glevel=\count314
\csq@qlevel=\count315
\csq@maxlvl=\count316
\csq@tshold=\count317
\csq@ltx@everypar=\toks31

(C:\Users\bong1\AppData\Roaming\MiKTeX\tex/latex/csquotes\csquotes.def
File: csquotes.def 2024-04-04 v5.2o csquotes generic definitions (JAW)
)
Package csquotes Info: Trying to load configuration file 'csquotes.cfg'...
Package csquotes Info: ... configuration file loaded successfully.

(C:\Users\bong1\AppData\Roaming\MiKTeX\tex/latex/csquotes\csquotes.cfg
File: csquotes.cfg 
))
(C:\Users\bong1\AppData\Roaming\MiKTeX\tex/latex/enumitem\enumitem.sty
Package: enumitem 2025/02/06 v3.11 Customized lists
\labelindent=\skip59
\enit@outerparindent=\dimen177
\enit@toks=\toks32
\enit@inbox=\box57
\enit@count@id=\count318
\enitdp@description=\count319
)
(C:\Users\bong1\AppData\Roaming\MiKTeX\tex/latex/geometry\geometry.sty
Package: geometry 2020/01/02 v5.9 Page Geometry

(C:\Program Files\MyDevEnvs\MiKTeX\tex/generic/iftex\ifvtex.sty
Package: ifvtex 2019/10/25 v1.7 ifvtex legacy package. Use iftex instead.

(C:\Program Files\MyDevEnvs\MiKTeX\tex/generic/iftex\iftex.sty
Package: iftex 2024/12/12 v1.0g TeX engine tests
))
\Gm@cnth=\count320
\Gm@cntv=\count321
\c@Gm@tempcnt=\count322
\Gm@bindingoffset=\dimen178
\Gm@wd@mp=\dimen179
\Gm@odd@mp=\dimen180
\Gm@even@mp=\dimen181
\Gm@layoutwidth=\dimen182
\Gm@layoutheight=\dimen183
\Gm@layouthoffset=\dimen184
\Gm@layoutvoffset=\dimen185
\Gm@dimlist=\toks33

(C:\Users\bong1\AppData\Roaming\MiKTeX\tex/latex/geometry\geometry.cfg))
(C:\Program Files\MyDevEnvs\MiKTeX\tex/latex/graphics\graphicx.sty
Package: graphicx 2024/12/31 v1.2e Enhanced LaTeX Graphics (DPC,SPQR)

(C:\Program Files\MyDevEnvs\MiKTeX\tex/latex/graphics\graphics.sty
Package: graphics 2024/08/06 v1.4g Standard LaTeX Graphics (DPC,SPQR)

(C:\Program Files\MyDevEnvs\MiKTeX\tex/latex/graphics\trig.sty
Package: trig 2023/12/02 v1.11 sin cos tan (DPC)
)
(C:\Program Files\MyDevEnvs\MiKTeX\tex/latex/graphics-cfg\graphics.cfg
File: graphics.cfg 2016/06/04 v1.11 sample graphics configuration
)
Package graphics Info: Driver file: xetex.def on input line 106.

(C:\Program Files\MyDevEnvs\MiKTeX\tex/latex/graphics-def\xetex.def
File: xetex.def 2022/09/22 v5.0n Graphics/color driver for xetex
))
\Gin@req@height=\dimen186
\Gin@req@width=\dimen187
)
(C:\Program Files\MyDevEnvs\MiKTeX\tex/latex/xcolor\xcolor.sty
Package: xcolor 2024/09/29 v3.02 LaTeX color extensions (UK)

(C:\Program Files\MyDevEnvs\MiKTeX\tex/latex/graphics-cfg\color.cfg
File: color.cfg 2016/01/02 v1.6 sample color configuration
)
Package xcolor Info: Driver file: xetex.def on input line 274.

(C:\Program Files\MyDevEnvs\MiKTeX\tex/latex/graphics\mathcolor.ltx)
Package xcolor Info: Model `cmy' substituted by `cmy0' on input line 1349.
Package xcolor Info: Model `RGB' extended on input line 1365.
Package xcolor Info: Model `HTML' substituted by `rgb' on input line 1367.
Package xcolor Info: Model `Hsb' substituted by `hsb' on input line 1368.
Package xcolor Info: Model `tHsb' substituted by `hsb' on input line 1369.
Package xcolor Info: Model `HSB' substituted by `hsb' on input line 1370.
Package xcolor Info: Model `Gray' substituted by `gray' on input line 1371.
Package xcolor Info: Model `wave' substituted by `hsb' on input line 1372.
)
(C:\Program Files\MyDevEnvs\MiKTeX\tex/latex/graphics\dvipsnam.def
File: dvipsnam.def 2016/06/17 v3.0m Driver-dependent file (DPC,SPQR)
)
(C:\Program Files\MyDevEnvs\MiKTeX\tex/latex/hyperref\hyperref.sty
Package: hyperref 2025-07-12 v7.01o Hypertext links for LaTeX

(C:\Users\bong1\AppData\Roaming\MiKTeX\tex/latex/kvsetkeys\kvsetkeys.sty
Package: kvsetkeys 2022-10-05 v1.19 Key value parser (HO)
)
(C:\Users\bong1\AppData\Roaming\MiKTeX\tex/generic/kvdefinekeys\kvdefinekeys.st
y
Package: kvdefinekeys 2019-12-19 v1.6 Define keys (HO)
) (C:\Users\bong1\AppData\Roaming\MiKTeX\tex/generic/pdfescape\pdfescape.sty
Package: pdfescape 2019/12/09 v1.15 Implements pdfTeX's escape features (HO)

(C:\Users\bong1\AppData\Roaming\MiKTeX\tex/generic/ltxcmds\ltxcmds.sty
Package: ltxcmds 2023-12-04 v1.26 LaTeX kernel commands for general use (HO)
)
(C:\Program Files\MyDevEnvs\MiKTeX\tex/generic/pdftexcmds\pdftexcmds.sty
Package: pdftexcmds 2020-06-27 v0.33 Utility functions of pdfTeX for LuaTeX (HO
)

(C:\Users\bong1\AppData\Roaming\MiKTeX\tex/generic/infwarerr\infwarerr.sty
Package: infwarerr 2019/12/03 v1.5 Providing info/warning/error messages (HO)
)
Package pdftexcmds Info: \pdf@primitive is available.
Package pdftexcmds Info: \pdf@ifprimitive is available.
Package pdftexcmds Info: \pdfdraftmode not found.
))
(C:\Users\bong1\AppData\Roaming\MiKTeX\tex/latex/hycolor\hycolor.sty
Package: hycolor 2020-01-27 v1.10 Color options for hyperref/bookmark (HO)
)
(C:\Program Files\MyDevEnvs\MiKTeX\tex/latex/hyperref\nameref.sty
Package: nameref 2025-06-21 v2.57 Cross-referencing by name of section

(C:\Users\bong1\AppData\Roaming\MiKTeX\tex/latex/refcount\refcount.sty
Package: refcount 2019/12/15 v3.6 Data extraction from label references (HO)
)
(C:\Users\bong1\AppData\Roaming\MiKTeX\tex/generic/gettitlestring\gettitlestrin
g.sty
Package: gettitlestring 2019/12/15 v1.6 Cleanup title references (HO)
 (C:\Users\bong1\AppData\Roaming\MiKTeX\tex/latex/kvoptions\kvoptions.sty
Package: kvoptions 2022-06-15 v3.15 Key value format for package options (HO)
))
\c@section@level=\count323
) (C:\Users\bong1\AppData\Roaming\MiKTeX\tex/generic/stringenc\stringenc.sty
Package: stringenc 2019/11/29 v1.12 Convert strings between diff. encodings (HO
)
)
\@linkdim=\dimen188
\Hy@linkcounter=\count324
\Hy@pagecounter=\count325

(C:\Program Files\MyDevEnvs\MiKTeX\tex/latex/hyperref\pd1enc.def
File: pd1enc.def 2025-07-12 v7.01o Hyperref: PDFDocEncoding definition (HO)
)
(C:\Users\bong1\AppData\Roaming\MiKTeX\tex/generic/intcalc\intcalc.sty
Package: intcalc 2019/12/15 v1.3 Expandable calculations with integers (HO)
)
\Hy@SavedSpaceFactor=\count326

(C:\Program Files\MyDevEnvs\MiKTeX\tex/latex/hyperref\puenc.def
File: puenc.def 2025-07-12 v7.01o Hyperref: PDF Unicode definition (HO)
)
Package hyperref Info: Hyper figures OFF on input line 4195.
Package hyperref Info: Link nesting OFF on input line 4200.
Package hyperref Info: Hyper index ON on input line 4203.
Package hyperref Info: Plain pages OFF on input line 4210.
Package hyperref Info: Backreferencing OFF on input line 4215.
Package hyperref Info: Implicit mode ON; LaTeX internals redefined.
Package hyperref Info: Bookmarks ON on input line 4462.
\c@Hy@tempcnt=\count327

(C:\Program Files\MyDevEnvs\MiKTeX\tex/latex/url\url.sty
\Urlmuskip=\muskip18
Package: url 2013/09/16  ver 3.4  Verb mode for urls, etc.
)
LaTeX Info: Redefining \url on input line 4801.
\XeTeXLinkMargin=\dimen189

(C:\Users\bong1\AppData\Roaming\MiKTeX\tex/generic/bitset\bitset.sty
Package: bitset 2019/12/09 v1.3 Handle bit-vector datatype (HO)

(C:\Users\bong1\AppData\Roaming\MiKTeX\tex/generic/bigintcalc\bigintcalc.sty
Package: bigintcalc 2019/12/15 v1.5 Expandable calculations on big integers (HO
)
))
\Fld@menulength=\count328
\Field@Width=\dimen190
\Fld@charsize=\dimen191
Package hyperref Info: Hyper figures OFF on input line 6078.
Package hyperref Info: Link nesting OFF on input line 6083.
Package hyperref Info: Hyper index ON on input line 6086.
Package hyperref Info: backreferencing OFF on input line 6093.
Package hyperref Info: Link coloring OFF on input line 6098.
Package hyperref Info: Link coloring with OCG OFF on input line 6103.
Package hyperref Info: PDF/A mode OFF on input line 6108.
\Hy@abspage=\count329
\c@Item=\count330
\c@Hfootnote=\count331
)
Package hyperref Info: Driver (autodetected): hxetex.
(C:\Program Files\MyDevEnvs\MiKTeX\tex/latex/hyperref\hxetex.def
File: hxetex.def 2025-07-12 v7.01o Hyperref driver for XeTeX
\pdfm@box=\box58
\c@Hy@AnnotLevel=\count332
\HyField@AnnotCount=\count333
\Fld@listcount=\count334
\c@bookmark@seq@number=\count335

(C:\Users\bong1\AppData\Roaming\MiKTeX\tex/latex/rerunfilecheck\rerunfilecheck.
sty
Package: rerunfilecheck 2025-06-21 v1.11 Rerun checks for auxiliary files (HO)

(C:\Users\bong1\AppData\Roaming\MiKTeX\tex/generic/uniquecounter\uniquecounter.
sty
Package: uniquecounter 2019/12/15 v1.4 Provide unlimited unique counter (HO)
)
Package uniquecounter Info: New unique counter `rerunfilecheck' on input line 2
84.
)
\Hy@SectionHShift=\skip60
)
Package hyperref Info: Option `colorlinks' set `true' on input line 44.
 (C:\Users\bong1\AppData\Roaming\MiKTeX\tex/latex/booktabs\booktabs.sty
Package: booktabs 2020/01/12 v1.61803398 Publication quality tables
\heavyrulewidth=\dimen192
\lightrulewidth=\dimen193
\cmidrulewidth=\dimen194
\belowrulesep=\dimen195
\belowbottomsep=\dimen196
\aboverulesep=\dimen197
\abovetopsep=\dimen198
\cmidrulesep=\dimen199
\cmidrulekern=\dimen256
\defaultaddspace=\dimen257
\@cmidla=\count336
\@cmidlb=\count337
\@aboverulesep=\dimen258
\@belowrulesep=\dimen259
\@thisruleclass=\count338
\@lastruleclass=\count339
\@thisrulewidth=\dimen260
)
(C:\Users\bong1\AppData\Roaming\MiKTeX\tex/latex/fancyhdr\fancyhdr.sty
Package: fancyhdr 2025/02/07 v5.2 Extensive control of page headers and footers

\f@nch@headwidth=\skip61
\f@nch@offset@elh=\skip62
\f@nch@offset@erh=\skip63
\f@nch@offset@olh=\skip64
\f@nch@offset@orh=\skip65
\f@nch@offset@elf=\skip66
\f@nch@offset@erf=\skip67
\f@nch@offset@olf=\skip68
\f@nch@offset@orf=\skip69
\f@nch@height=\skip70
\f@nch@footalignment=\skip71
\f@nch@widthL=\skip72
\f@nch@widthC=\skip73
\f@nch@widthR=\skip74
\@temptokenb=\toks34
)
(C:\Users\bong1\AppData\Roaming\MiKTeX\tex/latex/titlesec\titlesec.sty
Package: titlesec 2025/01/04 v2.17 Sectioning titles
\ttl@box=\box59
\beforetitleunit=\skip75
\aftertitleunit=\skip76
\ttl@plus=\dimen261
\ttl@minus=\dimen262
\ttl@toksa=\toks35
\titlewidth=\dimen263
\titlewidthlast=\dimen264
\titlewidthfirst=\dimen265
)
(C:\Program Files\MyDevEnvs\MiKTeX\tex/latex/minted\minted.sty
Package: minted 2025/05/14 v3.7.0 Yet another Pygments shim for LaTeX

(C:\Users\bong1\AppData\Roaming\MiKTeX\tex/generic/catchfile\catchfile.sty
Package: catchfile 2019/12/09 v1.8 Catch the contents of a file (HO)

(C:\Users\bong1\AppData\Roaming\MiKTeX\tex/generic/etexcmds\etexcmds.sty
Package: etexcmds 2019/12/15 v1.7 Avoid name clashes with e-TeX commands (HO)
))
(C:\Users\bong1\AppData\Roaming\MiKTeX\tex/latex/fvextra\fvextra.sty
Package: fvextra 2025/05/29 v1.13.2 fvextra - extensions and patches for fancyv
rb

(C:\Users\bong1\AppData\Roaming\MiKTeX\tex/latex/fancyvrb\fancyvrb.sty
Package: fancyvrb 2025/07/28 4.6 verbatim text (tvz,hv)
\FV@CodeLineNo=\count340
\FV@InFile=\read3
\FV@TabBox=\box60
\c@FancyVerbLine=\count341
\FV@StepNumber=\count342
\FV@OutFile=\write3
)
(C:\Users\bong1\AppData\Roaming\MiKTeX\tex/latex/upquote\upquote.sty
Package: upquote 2012/04/19 v1.3 upright-quote and grave-accent glyphs in verba
tim

(C:\Program Files\MyDevEnvs\MiKTeX\tex/latex/base\textcomp.sty
Package: textcomp 2024/04/24 v2.1b Standard LaTeX package
))
(C:\Users\bong1\AppData\Roaming\MiKTeX\tex/latex/lineno\lineno.sty
Package: lineno 2025/05/13 line numbers on paragraphs v5.5
\linenopenalty=\count343
\output=\toks36
\linenoprevgraf=\count344
\linenumbersep=\dimen266
\linenumberwidth=\dimen267
\c@linenumber=\count345
\c@pagewiselinenumber=\count346
\c@LN@truepage=\count347
\c@internallinenumber=\count348
\c@internallinenumbers=\count349
\quotelinenumbersep=\dimen268
\bframerule=\dimen269
\bframesep=\dimen270
\bframebox=\box61
\@LN@amsmath@ams@eqpen=\count350


LaTeX Warning: Command \@parboxrestore  has changed.
               Check if current package is valid.

)

Package fvextra Warning: csquotes should be loaded after fvextra, to avoid a wa
rning from the lineno package on input line 37.

\c@FancyVerbWriteLine=\count351
\c@FancyVerbBufferLine=\count352
\c@FV@TrueTabGroupLevel=\count353
\c@FV@TrueTabCounter=\count354
\FV@TabBox@Group=\box62
\FV@bgcolorstructbox=\box63
\FV@TmpLength=\skip77
\c@FV@HighlightLinesStart=\count355
\c@FV@HighlightLinesStop=\count356
\FV@LoopCount=\count357
\FV@NCharsBox=\box64
\FV@BreakIndent=\dimen271
\FV@BreakIndentNChars=\count358
\FV@BreakSymbolSepLeft=\dimen272
\FV@BreakSymbolSepLeftNChars=\count359
\FV@BreakSymbolSepRight=\dimen273
\FV@BreakSymbolSepRightNChars=\count360
\FV@BreakSymbolIndentLeft=\dimen274
\FV@BreakSymbolIndentLeftNChars=\count361
\FV@BreakSymbolIndentRight=\dimen275
\FV@BreakSymbolIndentRightNChars=\count362
\c@FancyVerbLineBreakLast=\count363
\FV@LineBox=\box65
\FV@LineIndentBox=\box66
\c@FV@BreakBufferDepth=\count364
\FV@LineWidth=\dimen276
)
(C:\Users\bong1\AppData\Roaming\MiKTeX\tex/latex/latex2pydata\latex2pydata.sty
Package: latex2pydata 2025/03/26 v0.6.0 latex2pydata - write data to file in Py
thon literal format
) (C:\Program Files\MyDevEnvs\MiKTeX\tex/latex/pgf/utilities\pgfkeys.sty
(C:\Program Files\MyDevEnvs\MiKTeX\tex/generic/pgf/utilities\pgfkeys.code.tex
\pgfkeys@pathtoks=\toks37
\pgfkeys@temptoks=\toks38

(C:\Program Files\MyDevEnvs\MiKTeX\tex/generic/pgf/utilities\pgfkeyslibraryfilt
ered.code.tex
\pgfkeys@tmptoks=\toks39
)))
(C:\Users\bong1\AppData\Roaming\MiKTeX\tex/latex/pgfopts\pgfopts.sty
Package: pgfopts 2014/07/10 v2.1a LaTeX package options with pgfkeys
\pgfopts@list@add@a@toks=\toks40
\pgfopts@list@add@b@toks=\toks41
)
(C:\Program Files\MyDevEnvs\MiKTeX\tex/latex/tools\shellesc.sty
Package: shellesc 2023/07/08 v1.0d unified shell escape interface for LaTeX
Package shellesc Info: Unrestricted shell escape enabled on input line 75.
)
(C:\Users\bong1\AppData\Roaming\MiKTeX\tex/latex/float\float.sty
Package: float 2001/11/08 v1.3d Float enhancements (AL)
\c@float@type=\count365
\float@exts=\toks42
\float@box=\box67
\@float@everytoks=\toks43
\@floatcapt=\box68
)
\c@minted@FancyVerbLineTemp=\count366
\@float@every@listing=\toks44
\c@listing=\count367
)
(C:\Program Files\MyDevEnvs\MiKTeX\tex/latex/tcolorbox\tcolorbox.sty
Package: tcolorbox 2025/07/08 version 6.7.1 text color boxes

(C:\Program Files\MyDevEnvs\MiKTeX\tex/latex/pgf/frontendlayer\tikz.sty
(C:\Program Files\MyDevEnvs\MiKTeX\tex/latex/pgf/basiclayer\pgf.sty
(C:\Program Files\MyDevEnvs\MiKTeX\tex/latex/pgf/utilities\pgfrcs.sty
(C:\Program Files\MyDevEnvs\MiKTeX\tex/generic/pgf/utilities\pgfutil-common.tex
\pgfutil@everybye=\toks45
\pgfutil@tempdima=\dimen277
\pgfutil@tempdimb=\dimen278
)
(C:\Program Files\MyDevEnvs\MiKTeX\tex/generic/pgf/utilities\pgfutil-latex.def
\pgfutil@abb=\box69
) (C:\Program Files\MyDevEnvs\MiKTeX\tex/generic/pgf/utilities\pgfrcs.code.tex
(C:\Program Files\MyDevEnvs\MiKTeX\tex/generic/pgf\pgf.revision.tex)
Package: pgfrcs 2025-08-29 v3.1.11a (3.1.11a)
))
Package: pgf 2025-08-29 v3.1.11a (3.1.11a)

(C:\Program Files\MyDevEnvs\MiKTeX\tex/latex/pgf/basiclayer\pgfcore.sty
(C:\Program Files\MyDevEnvs\MiKTeX\tex/latex/pgf/systemlayer\pgfsys.sty
(C:\Program Files\MyDevEnvs\MiKTeX\tex/generic/pgf/systemlayer\pgfsys.code.tex
Package: pgfsys 2025-08-29 v3.1.11a (3.1.11a)
\pgf@x=\dimen279
\pgf@y=\dimen280
\pgf@xa=\dimen281
\pgf@ya=\dimen282
\pgf@xb=\dimen283
\pgf@yb=\dimen284
\pgf@xc=\dimen285
\pgf@yc=\dimen286
\pgf@xd=\dimen287
\pgf@yd=\dimen288
\w@pgf@writea=\write4
\r@pgf@reada=\read4
\c@pgf@counta=\count368
\c@pgf@countb=\count369
\c@pgf@countc=\count370
\c@pgf@countd=\count371
\t@pgf@toka=\toks46
\t@pgf@tokb=\toks47
\t@pgf@tokc=\toks48
\pgf@sys@id@count=\count372

(C:\Program Files\MyDevEnvs\MiKTeX\tex/generic/pgf/systemlayer\pgf.cfg
File: pgf.cfg 2025-08-29 v3.1.11a (3.1.11a)
)
Driver file for pgf: pgfsys-xetex.def

(C:\Program Files\MyDevEnvs\MiKTeX\tex/generic/pgf/systemlayer\pgfsys-xetex.def
File: pgfsys-xetex.def 2025-08-29 v3.1.11a (3.1.11a)

(C:\Program Files\MyDevEnvs\MiKTeX\tex/generic/pgf/systemlayer\pgfsys-dvipdfmx.
def
File: pgfsys-dvipdfmx.def 2025-08-29 v3.1.11a (3.1.11a)

(C:\Program Files\MyDevEnvs\MiKTeX\tex/generic/pgf/systemlayer\pgfsys-common-pd
f.def
File: pgfsys-common-pdf.def 2025-08-29 v3.1.11a (3.1.11a)
)
\pgfsys@objnum=\count373
)))
(C:\Program Files\MyDevEnvs\MiKTeX\tex/generic/pgf/systemlayer\pgfsyssoftpath.c
ode.tex
File: pgfsyssoftpath.code.tex 2025-08-29 v3.1.11a (3.1.11a)
\pgfsyssoftpath@smallbuffer@items=\count374
\pgfsyssoftpath@bigbuffer@items=\count375
)
(C:\Program Files\MyDevEnvs\MiKTeX\tex/generic/pgf/systemlayer\pgfsysprotocol.c
ode.tex
File: pgfsysprotocol.code.tex 2025-08-29 v3.1.11a (3.1.11a)
))
(C:\Program Files\MyDevEnvs\MiKTeX\tex/generic/pgf/basiclayer\pgfcore.code.tex
Package: pgfcore 2025-08-29 v3.1.11a (3.1.11a)

(C:\Program Files\MyDevEnvs\MiKTeX\tex/generic/pgf/math\pgfmath.code.tex
(C:\Program Files\MyDevEnvs\MiKTeX\tex/generic/pgf/math\pgfmathutil.code.tex)
(C:\Program Files\MyDevEnvs\MiKTeX\tex/generic/pgf/math\pgfmathparser.code.tex
\pgfmath@dimen=\dimen289
\pgfmath@count=\count376
\pgfmath@box=\box70
\pgfmath@toks=\toks49
\pgfmath@stack@operand=\toks50
\pgfmath@stack@operation=\toks51
)
(C:\Program Files\MyDevEnvs\MiKTeX\tex/generic/pgf/math\pgfmathfunctions.code.t
ex)
(C:\Program Files\MyDevEnvs\MiKTeX\tex/generic/pgf/math\pgfmathfunctions.basic.
code.tex)
(C:\Program Files\MyDevEnvs\MiKTeX\tex/generic/pgf/math\pgfmathfunctions.trigon
ometric.code.tex)
(C:\Program Files\MyDevEnvs\MiKTeX\tex/generic/pgf/math\pgfmathfunctions.random
.code.tex)
(C:\Program Files\MyDevEnvs\MiKTeX\tex/generic/pgf/math\pgfmathfunctions.compar
ison.code.tex)
(C:\Program Files\MyDevEnvs\MiKTeX\tex/generic/pgf/math\pgfmathfunctions.base.c
ode.tex)
(C:\Program Files\MyDevEnvs\MiKTeX\tex/generic/pgf/math\pgfmathfunctions.round.
code.tex)
(C:\Program Files\MyDevEnvs\MiKTeX\tex/generic/pgf/math\pgfmathfunctions.misc.c
ode.tex)
(C:\Program Files\MyDevEnvs\MiKTeX\tex/generic/pgf/math\pgfmathfunctions.intege
rarithmetics.code.tex)
(C:\Program Files\MyDevEnvs\MiKTeX\tex/generic/pgf/math\pgfmathcalc.code.tex)
(C:\Program Files\MyDevEnvs\MiKTeX\tex/generic/pgf/math\pgfmathfloat.code.tex
\c@pgfmathroundto@lastzeros=\count377
)) (C:\Program Files\MyDevEnvs\MiKTeX\tex/generic/pgf/math\pgfint.code.tex)
(C:\Program Files\MyDevEnvs\MiKTeX\tex/generic/pgf/basiclayer\pgfcorepoints.cod
e.tex
File: pgfcorepoints.code.tex 2025-08-29 v3.1.11a (3.1.11a)
\pgf@picminx=\dimen290
\pgf@picmaxx=\dimen291
\pgf@picminy=\dimen292
\pgf@picmaxy=\dimen293
\pgf@pathminx=\dimen294
\pgf@pathmaxx=\dimen295
\pgf@pathminy=\dimen296
\pgf@pathmaxy=\dimen297
\pgf@xx=\dimen298
\pgf@xy=\dimen299
\pgf@yx=\dimen300
\pgf@yy=\dimen301
\pgf@zx=\dimen302
\pgf@zy=\dimen303
)
(C:\Program Files\MyDevEnvs\MiKTeX\tex/generic/pgf/basiclayer\pgfcorepathconstr
uct.code.tex
File: pgfcorepathconstruct.code.tex 2025-08-29 v3.1.11a (3.1.11a)
\pgf@path@lastx=\dimen304
\pgf@path@lasty=\dimen305
)
(C:\Program Files\MyDevEnvs\MiKTeX\tex/generic/pgf/basiclayer\pgfcorepathusage.
code.tex
File: pgfcorepathusage.code.tex 2025-08-29 v3.1.11a (3.1.11a)
\pgf@shorten@end@additional=\dimen306
\pgf@shorten@start@additional=\dimen307
)
(C:\Program Files\MyDevEnvs\MiKTeX\tex/generic/pgf/basiclayer\pgfcorescopes.cod
e.tex
File: pgfcorescopes.code.tex 2025-08-29 v3.1.11a (3.1.11a)
\pgfpic=\box71
\pgf@hbox=\box72
\pgf@layerbox@main=\box73
\pgf@picture@serial@count=\count378
)
(C:\Program Files\MyDevEnvs\MiKTeX\tex/generic/pgf/basiclayer\pgfcoregraphicsta
te.code.tex
File: pgfcoregraphicstate.code.tex 2025-08-29 v3.1.11a (3.1.11a)
\pgflinewidth=\dimen308
)
(C:\Program Files\MyDevEnvs\MiKTeX\tex/generic/pgf/basiclayer\pgfcoretransforma
tions.code.tex
File: pgfcoretransformations.code.tex 2025-08-29 v3.1.11a (3.1.11a)
\pgf@pt@x=\dimen309
\pgf@pt@y=\dimen310
\pgf@pt@temp=\dimen311
)
(C:\Program Files\MyDevEnvs\MiKTeX\tex/generic/pgf/basiclayer\pgfcorequick.code
.tex
File: pgfcorequick.code.tex 2025-08-29 v3.1.11a (3.1.11a)
)
(C:\Program Files\MyDevEnvs\MiKTeX\tex/generic/pgf/basiclayer\pgfcoreobjects.co
de.tex
File: pgfcoreobjects.code.tex 2025-08-29 v3.1.11a (3.1.11a)
)
(C:\Program Files\MyDevEnvs\MiKTeX\tex/generic/pgf/basiclayer\pgfcorepathproces
sing.code.tex
File: pgfcorepathprocessing.code.tex 2025-08-29 v3.1.11a (3.1.11a)
)
(C:\Program Files\MyDevEnvs\MiKTeX\tex/generic/pgf/basiclayer\pgfcorearrows.cod
e.tex
File: pgfcorearrows.code.tex 2025-08-29 v3.1.11a (3.1.11a)
\pgfarrowsep=\dimen312
)
(C:\Program Files\MyDevEnvs\MiKTeX\tex/generic/pgf/basiclayer\pgfcoreshade.code
.tex
File: pgfcoreshade.code.tex 2025-08-29 v3.1.11a (3.1.11a)
\pgf@max=\dimen313
\pgf@sys@shading@range@num=\count379
\pgf@shadingcount=\count380
)
(C:\Program Files\MyDevEnvs\MiKTeX\tex/generic/pgf/basiclayer\pgfcoreimage.code
.tex
File: pgfcoreimage.code.tex 2025-08-29 v3.1.11a (3.1.11a)
)
(C:\Program Files\MyDevEnvs\MiKTeX\tex/generic/pgf/basiclayer\pgfcoreexternal.c
ode.tex
File: pgfcoreexternal.code.tex 2025-08-29 v3.1.11a (3.1.11a)
\pgfexternal@startupbox=\box74
)
(C:\Program Files\MyDevEnvs\MiKTeX\tex/generic/pgf/basiclayer\pgfcorelayers.cod
e.tex
File: pgfcorelayers.code.tex 2025-08-29 v3.1.11a (3.1.11a)
)
(C:\Program Files\MyDevEnvs\MiKTeX\tex/generic/pgf/basiclayer\pgfcoretransparen
cy.code.tex
File: pgfcoretransparency.code.tex 2025-08-29 v3.1.11a (3.1.11a)
)
(C:\Program Files\MyDevEnvs\MiKTeX\tex/generic/pgf/basiclayer\pgfcorepatterns.c
ode.tex
File: pgfcorepatterns.code.tex 2025-08-29 v3.1.11a (3.1.11a)
)
(C:\Program Files\MyDevEnvs\MiKTeX\tex/generic/pgf/basiclayer\pgfcorerdf.code.t
ex
File: pgfcorerdf.code.tex 2025-08-29 v3.1.11a (3.1.11a)
)))
(C:\Program Files\MyDevEnvs\MiKTeX\tex/generic/pgf/modules\pgfmoduleshapes.code
.tex
File: pgfmoduleshapes.code.tex 2025-08-29 v3.1.11a (3.1.11a)
\pgfnodeparttextbox=\box75
)
(C:\Program Files\MyDevEnvs\MiKTeX\tex/generic/pgf/modules\pgfmoduleplot.code.t
ex
File: pgfmoduleplot.code.tex 2025-08-29 v3.1.11a (3.1.11a)
)
(C:\Program Files\MyDevEnvs\MiKTeX\tex/latex/pgf/compatibility\pgfcomp-version-
0-65.sty
Package: pgfcomp-version-0-65 2025-08-29 v3.1.11a (3.1.11a)
\pgf@nodesepstart=\dimen314
\pgf@nodesepend=\dimen315
)
(C:\Program Files\MyDevEnvs\MiKTeX\tex/latex/pgf/compatibility\pgfcomp-version-
1-18.sty
Package: pgfcomp-version-1-18 2025-08-29 v3.1.11a (3.1.11a)
))
(C:\Program Files\MyDevEnvs\MiKTeX\tex/latex/pgf/utilities\pgffor.sty
(C:\Program Files\MyDevEnvs\MiKTeX\tex/latex/pgf/math\pgfmath.sty
(C:\Program Files\MyDevEnvs\MiKTeX\tex/generic/pgf/math\pgfmath.code.tex))
(C:\Program Files\MyDevEnvs\MiKTeX\tex/generic/pgf/utilities\pgffor.code.tex
Package: pgffor 2025-08-29 v3.1.11a (3.1.11a)
\pgffor@iter=\dimen316
\pgffor@skip=\dimen317
\pgffor@stack=\toks52
\pgffor@toks=\toks53
))
(C:\Program Files\MyDevEnvs\MiKTeX\tex/generic/pgf/frontendlayer/tikz\tikz.code
.tex
Package: tikz 2025-08-29 v3.1.11a (3.1.11a)

(C:\Program Files\MyDevEnvs\MiKTeX\tex/generic/pgf/libraries\pgflibraryplothand
lers.code.tex
File: pgflibraryplothandlers.code.tex 2025-08-29 v3.1.11a (3.1.11a)
\pgf@plot@mark@count=\count381
\pgfplotmarksize=\dimen318
)
\tikz@lastx=\dimen319
\tikz@lasty=\dimen320
\tikz@lastxsaved=\dimen321
\tikz@lastysaved=\dimen322
\tikz@lastmovetox=\dimen323
\tikz@lastmovetoy=\dimen324
\tikzleveldistance=\dimen325
\tikzsiblingdistance=\dimen326
\tikz@figbox=\box76
\tikz@figbox@bg=\box77
\tikz@tempbox=\box78
\tikz@tempbox@bg=\box79
\tikztreelevel=\count382
\tikznumberofchildren=\count383
\tikznumberofcurrentchild=\count384
\tikz@fig@count=\count385

(C:\Program Files\MyDevEnvs\MiKTeX\tex/generic/pgf/modules\pgfmodulematrix.code
.tex
File: pgfmodulematrix.code.tex 2025-08-29 v3.1.11a (3.1.11a)
\pgfmatrixcurrentrow=\count386
\pgfmatrixcurrentcolumn=\count387
\pgf@matrix@numberofcolumns=\count388
)
\tikz@expandcount=\count389

(C:\Program Files\MyDevEnvs\MiKTeX\tex/generic/pgf/frontendlayer/tikz/libraries
\tikzlibrarytopaths.code.tex
File: tikzlibrarytopaths.code.tex 2025-08-29 v3.1.11a (3.1.11a)
)))
(C:\Program Files\MyDevEnvs\MiKTeX\tex/latex/tools\verbatim.sty
Package: verbatim 2024-01-22 v1.5x LaTeX2e package for verbatim enhancements
\every@verbatim=\toks54
\verbatim@line=\toks55
\verbatim@in@stream=\read5
)
(C:\Program Files\MyDevEnvs\MiKTeX\tex/latex/environ\environ.sty
Package: environ 2014/05/04 v0.3 A new way to define environments

(C:\Program Files\MyDevEnvs\MiKTeX\tex/latex/trimspaces\trimspaces.sty
Package: trimspaces 2009/09/17 v1.1 Trim spaces around a token list
))
\tcb@titlebox=\box80
\tcb@upperbox=\box81
\tcb@lowerbox=\box82
\tcb@phantombox=\box83
\c@tcbbreakpart=\count390
\c@tcblayer=\count391
\c@tcolorbox@number=\count392
\l__tcobox_tmpa_box=\box84
\l__tcobox_tmpa_dim=\dimen327
\tcb@temp=\box85
\tcb@temp=\box86
\tcb@temp=\box87
\tcb@temp=\box88

(C:\Program Files\MyDevEnvs\MiKTeX\tex/latex/tcolorbox\tcbraster.code.tex
Library (tcolorbox): 'tcbraster.code.tex' version '6.7.1'
\c@tcbrastercolumn=\count393
\c@tcbrasterrow=\count394
\c@tcbrasternum=\count395
\c@tcbraster=\count396
) (C:\Program Files\MyDevEnvs\MiKTeX\tex/latex/tcolorbox\tcbskins.code.tex
Library (tcolorbox): 'tcbskins.code.tex' version '6.7.1'
(C:\Users\bong1\AppData\Roaming\MiKTeX\tex/latex/tikzfill\tikzfill.image.sty
Package: tikzfill.image 2023/08/08 v1.0.1 Image filling library for TikZ

(C:\Users\bong1\AppData\Roaming\MiKTeX\tex/latex/tikzfill\tikzfill-common.sty
Package: tikzfill-common 2023/08/08 v1.0.1 Auxiliary code for tikzfill
)
(C:\Users\bong1\AppData\Roaming\MiKTeX\tex/latex/tikzfill\tikzlibraryfill.image
.code.tex
File: tikzlibraryfill.image.code.tex 2023/08/08 v1.0.1 Image filling library
\l__tikzfill_img_box=\box89
))
(C:\Program Files\MyDevEnvs\MiKTeX\tex/latex/tcolorbox\tcbskinsjigsaw.code.tex
Library (tcolorbox): 'tcbskinsjigsaw.code.tex' version '6.7.1'
)) (C:\Program Files\MyDevEnvs\MiKTeX\tex/latex/tcolorbox\tcbbreakable.code.tex
Library (tcolorbox): 'tcbbreakable.code.tex' version '6.7.1'
(C:\Users\bong1\AppData\Roaming\MiKTeX\tex/latex/pdfcol\pdfcol.sty
Package: pdfcol 2022-09-21 v1.7 Handle new color stacks for pdfTeX (HO)
Package pdfcol Info: Interface disabled because of missing PDF mode of pdfTeX.
)
Package pdfcol Info: pdfTeX's color stacks are not available.
\tcb@testbox=\box90
\tcb@totalupperbox=\box91
\tcb@totallowerbox=\box92
)
(C:\Program Files\MyDevEnvs\MiKTeX\tex/latex/tcolorbox\tcbhooks.code.tex
Library (tcolorbox): 'tcbhooks.code.tex' version '6.7.1'
) (C:\Program Files\MyDevEnvs\MiKTeX\tex/latex/tcolorbox\tcbtheorems.code.tex
Library (tcolorbox): 'tcbtheorems.code.tex' version '6.7.1'
) (C:\Program Files\MyDevEnvs\MiKTeX\tex/latex/tcolorbox\tcbfitting.code.tex
Library (tcolorbox): 'tcbfitting.code.tex' version '6.7.1'
\tcbfitdim=\dimen328
\tcb@lowerfitdim=\dimen329
\tcb@upperfitdim=\dimen330
\tcb@cur@hbadness=\count397
)
(C:\Program Files\MyDevEnvs\MiKTeX\tex/latex/tcolorbox\tcblistingsutf8.code.tex
Library (tcolorbox): 'tcblistingsutf8.code.tex' version '6.7.1'
(C:\Program Files\MyDevEnvs\MiKTeX\tex/latex/tcolorbox\tcblistings.code.tex
Library (tcolorbox): 'tcblistings.code.tex' version '6.7.1'
(C:\Program Files\MyDevEnvs\MiKTeX\tex/latex/listings\listings.sty
\lst@mode=\count398
\lst@gtempboxa=\box93
\lst@token=\toks56
\lst@length=\count399
\lst@currlwidth=\dimen331
\lst@column=\count400
\lst@pos=\count401
\lst@lostspace=\dimen332
\lst@width=\dimen333
\lst@newlines=\count402
\lst@lineno=\count403
\lst@maxwidth=\dimen334

(C:\Program Files\MyDevEnvs\MiKTeX\tex/latex/listings\lstpatch.sty
File: lstpatch.sty 2024/09/23 1.10c (Carsten Heinz)
)
(C:\Program Files\MyDevEnvs\MiKTeX\tex/latex/listings\lstmisc.sty
File: lstmisc.sty 2024/09/23 1.10c (Carsten Heinz)
\c@lstnumber=\count404
\lst@skipnumbers=\count405
\lst@framebox=\box94
)
(C:\Program Files\MyDevEnvs\MiKTeX\tex/latex/listings\listings.cfg
File: listings.cfg 2024/09/23 1.10c listings configuration
))
Package: listings 2024/09/23 1.10c (Carsten Heinz)

(C:\Program Files\MyDevEnvs\MiKTeX\tex/latex/tcolorbox\tcblistingscore.code.tex
Library (tcolorbox): 'tcblistingscore.code.tex' version '6.7.1'
(C:\Program Files\MyDevEnvs\MiKTeX\tex/latex/tcolorbox\tcbprocessing.code.tex
Library (tcolorbox): 'tcbprocessing.code.tex' version '6.7.1'
)
\c@tcblisting=\count406
))
Package tcolorbox Info: Library `listingsutf8' is compatible with pdftex only. 
Library `listings` is loaded instead. on input line 29.
)
(C:\Program Files\MyDevEnvs\MiKTeX\tex/latex/tcolorbox\tcbexternal.code.tex
Library (tcolorbox): 'tcbexternal.code.tex' version '6.7.1'
) (C:\Program Files\MyDevEnvs\MiKTeX\tex/latex/tcolorbox\tcbmagazine.code.tex
Library (tcolorbox): 'tcbmagazine.code.tex' version '6.7.1'
) (C:\Program Files\MyDevEnvs\MiKTeX\tex/latex/tcolorbox\tcbvignette.code.tex
Library (tcolorbox): 'tcbvignette.code.tex' version '6.7.1'

(C:\Program Files\MyDevEnvs\MiKTeX\tex/generic/pgf/frontendlayer/tikz/libraries
\tikzlibraryfadings.code.tex
File: tikzlibraryfadings.code.tex 2025-08-29 v3.1.11a (3.1.11a)

(C:\Program Files\MyDevEnvs\MiKTeX\tex/generic/pgf/libraries\pgflibraryfadings.
code.tex
File: pgflibraryfadings.code.tex 2025-08-29 v3.1.11a (3.1.11a)
)))
(C:\Program Files\MyDevEnvs\MiKTeX\tex/latex/tcolorbox\tcbposter.code.tex
Library (tcolorbox): 'tcbposter.code.tex' version '6.7.1'
))
\c@tcb@cnt@definition=\count407
\c@tcb@cnt@example=\count408
\c@tcb@cnt@recipe=\count409
)
Package csquotes Info: Checking for multilingual support...
Package csquotes Info: ... found 'babel' package.
Package csquotes Info: Adjusting default style.


Package csquotes Warning: No style for language 'vietnamese'.
(csquotes)                Using fallback style on input line 3.

Package csquotes Info: Redefining alias 'default' -> 'fallback'.
(main.aux
Package babel Info: 'vietnamese' activates 'vietnamese' shorthands.
(babel)             Reported on input line 8.
)
\openout1 = `main.aux'.

LaTeX Font Info:    Checking defaults for OML/cmm/m/it on input line 3.
LaTeX Font Info:    ... okay on input line 3.
LaTeX Font Info:    Checking defaults for OMS/cmsy/m/n on input line 3.
LaTeX Font Info:    ... okay on input line 3.
LaTeX Font Info:    Checking defaults for OT1/cmr/m/n on input line 3.
LaTeX Font Info:    ... okay on input line 3.
LaTeX Font Info:    Checking defaults for T1/cmr/m/n on input line 3.
LaTeX Font Info:    ... okay on input line 3.
LaTeX Font Info:    Checking defaults for TS1/cmr/m/n on input line 3.
LaTeX Font Info:    ... okay on input line 3.
LaTeX Font Info:    Checking defaults for TU/lmr/m/n on input line 3.
LaTeX Font Info:    ... okay on input line 3.
LaTeX Font Info:    Checking defaults for OMX/cmex/m/n on input line 3.
LaTeX Font Info:    ... okay on input line 3.
LaTeX Font Info:    Checking defaults for U/cmr/m/n on input line 3.
LaTeX Font Info:    ... okay on input line 3.
LaTeX Font Info:    Checking defaults for PD1/pdf/m/n on input line 3.
LaTeX Font Info:    ... okay on input line 3.
LaTeX Font Info:    Checking defaults for PU/pdf/m/n on input line 3.
LaTeX Font Info:    ... okay on input line 3.

Package fontspec Info: 
(fontspec)             Adjusting the maths setup (use [no-math] to avoid
(fontspec)             this).

\symlegacymaths=\mathgroup6
LaTeX Font Info:    Overwriting symbol font `legacymaths' in version `bold'
(Font)                  OT1/cmr/m/n --> OT1/cmr/bx/n on input line 3.
LaTeX Font Info:    Redeclaring math accent \acute on input line 3.
LaTeX Font Info:    Redeclaring math accent \grave on input line 3.
LaTeX Font Info:    Redeclaring math accent \ddot on input line 3.
LaTeX Font Info:    Redeclaring math accent \tilde on input line 3.
LaTeX Font Info:    Redeclaring math accent \bar on input line 3.
LaTeX Font Info:    Redeclaring math accent \breve on input line 3.
LaTeX Font Info:    Redeclaring math accent \check on input line 3.
LaTeX Font Info:    Redeclaring math accent \hat on input line 3.
LaTeX Font Info:    Redeclaring math accent \dot on input line 3.
LaTeX Font Info:    Redeclaring math accent \mathring on input line 3.
LaTeX Font Info:    Redeclaring math symbol \Gamma on input line 3.
LaTeX Font Info:    Redeclaring math symbol \Delta on input line 3.
LaTeX Font Info:    Redeclaring math symbol \Theta on input line 3.
LaTeX Font Info:    Redeclaring math symbol \Lambda on input line 3.
LaTeX Font Info:    Redeclaring math symbol \Xi on input line 3.
LaTeX Font Info:    Redeclaring math symbol \Pi on input line 3.
LaTeX Font Info:    Redeclaring math symbol \Sigma on input line 3.
LaTeX Font Info:    Redeclaring math symbol \Upsilon on input line 3.
LaTeX Font Info:    Redeclaring math symbol \Phi on input line 3.
LaTeX Font Info:    Redeclaring math symbol \Psi on input line 3.
LaTeX Font Info:    Redeclaring math symbol \Omega on input line 3.
LaTeX Font Info:    Redeclaring math symbol \mathdollar on input line 3.
LaTeX Font Info:    Redeclaring symbol font `operators' on input line 3.
LaTeX Font Info:    Encoding `OT1' has changed to `TU' for symbol font
(Font)              `operators' in the math version `normal' on input line 3.
LaTeX Font Info:    Overwriting symbol font `operators' in version `normal'
(Font)                  OT1/cmr/m/n --> TU/TimesNewRoman(0)/m/n on input line 3
.
LaTeX Font Info:    Encoding `OT1' has changed to `TU' for symbol font
(Font)              `operators' in the math version `bold' on input line 3.
LaTeX Font Info:    Overwriting symbol font `operators' in version `bold'
(Font)                  OT1/cmr/bx/n --> TU/TimesNewRoman(0)/m/n on input line 
3.
LaTeX Font Info:    Overwriting symbol font `operators' in version `normal'
(Font)                  TU/TimesNewRoman(0)/m/n --> TU/TimesNewRoman(0)/m/n on 
input line 3.
LaTeX Font Info:    Overwriting math alphabet `\mathit' in version `normal'
(Font)                  OT1/cmr/m/it --> TU/TimesNewRoman(0)/m/it on input line
 3.
LaTeX Font Info:    Overwriting math alphabet `\mathbf' in version `normal'
(Font)                  OT1/cmr/bx/n --> TU/TimesNewRoman(0)/b/n on input line 
3.
LaTeX Font Info:    Overwriting math alphabet `\mathsf' in version `normal'
(Font)                  OT1/cmss/m/n --> TU/Arial(0)/m/n on input line 3.
LaTeX Font Info:    Overwriting math alphabet `\mathtt' in version `normal'
(Font)                  OT1/cmtt/m/n --> TU/CourierNew(0)/m/n on input line 3.
LaTeX Font Info:    Overwriting symbol font `operators' in version `bold'
(Font)                  TU/TimesNewRoman(0)/m/n --> TU/TimesNewRoman(0)/b/n on 
input line 3.
LaTeX Font Info:    Overwriting math alphabet `\mathit' in version `bold'
(Font)                  OT1/cmr/bx/it --> TU/TimesNewRoman(0)/b/it on input lin
e 3.
LaTeX Font Info:    Overwriting math alphabet `\mathsf' in version `bold'
(Font)                  OT1/cmss/bx/n --> TU/Arial(0)/b/n on input line 3.
LaTeX Font Info:    Overwriting math alphabet `\mathtt' in version `bold'
(Font)                  OT1/cmtt/m/n --> TU/CourierNew(0)/b/n on input line 3.
Package caption Info: Begin \AtBeginDocument code.
Package caption Info: float package is loaded.
Package caption Info: hyperref package is loaded.
Package caption Info: listings package is loaded.
Package caption Info: End \AtBeginDocument code.

*geometry* driver: auto-detecting
*geometry* detected driver: xetex
*geometry* verbose mode - [ preamble ] result:
* driver: xetex
* paper: a4paper
* layout: <same size as paper>
* layoutoffset:(h,v)=(0.0pt,0.0pt)
* modes: twoside 
* h-part:(L,W,R)=(85.35826pt, 441.01773pt, 71.13188pt)
* v-part:(T,H,B)=(71.13188pt, 702.78308pt, 71.13188pt)
* \paperwidth=597.50787pt
* \paperheight=845.04684pt
* \textwidth=441.01773pt
* \textheight=702.78308pt
* \oddsidemargin=13.08827pt
* \evensidemargin=-1.1381pt
* \topmargin=-41.59085pt
* \headheight=12.0pt
* \headsep=28.45274pt
* \topskip=11.0pt
* \footskip=28.45274pt
* \marginparwidth=106.0pt
* \marginparsep=7.0pt
* \columnsep=10.0pt
* \skip\footins=10.0pt plus 4.0pt minus 2.0pt
* \hoffset=0.0pt
* \voffset=0.0pt
* \mag=1000
* \@twocolumnfalse
* \@twosidetrue
* \@mparswitchtrue
* \@reversemarginfalse
* (1in=72.27pt=25.4mm, 1cm=28.453pt)

Package hyperref Info: Link coloring ON on input line 3.
(main.out) (main.out)
\@outlinefile=\write5
\openout5 = `main.out'.

\c@lstlisting=\count410
LaTeX Font Info:    Trying to load font information for U+msa on input line 6.

(C:\Program Files\MyDevEnvs\MiKTeX\tex/latex/amsfonts\umsa.fd
File: umsa.fd 2013/01/14 v3.01 AMS symbols A
)
LaTeX Font Info:    Trying to load font information for U+msb on input line 6.

(C:\Program Files\MyDevEnvs\MiKTeX\tex/latex/amsfonts\umsb.fd
File: umsb.fd 2013/01/14 v3.01 AMS symbols B
)

[1


]


Package fancyhdr Warning: \headheight is too small (12.0pt): 
(fancyhdr)                Make it at least 13.59999pt, for example:
(fancyhdr)                \setlength{\headheight}{13.59999pt}.
(fancyhdr)                You might also make \topmargin smaller:
(fancyhdr)                \addtolength{\topmargin}{-1.59999pt}.

[2

] (main.toc

[3]

Package babel Info: 'vietnamese' activates 'vietnamese' shorthands.
(babel)             Reported on input line 336.

Package fancyhdr Warning: \headheight is too small (12.0pt): 
(fancyhdr)                Make it at least 13.59999pt, for example:
(fancyhdr)                \setlength{\headheight}{13.59999pt}.
(fancyhdr)                You might also make \topmargin smaller:
(fancyhdr)                \addtolength{\topmargin}{-1.59999pt}.

[4]


Package fancyhdr Warning: \headheight is too small (12.0pt): 
(fancyhdr)                Make it at least 13.59999pt, for example:
(fancyhdr)                \setlength{\headheight}{13.59999pt}.
(fancyhdr)                You might also make \topmargin smaller:
(fancyhdr)                \addtolength{\topmargin}{-1.59999pt}.

[5]


Package fancyhdr Warning: \headheight is too small (12.0pt): 
(fancyhdr)                Make it at least 13.59999pt, for example:
(fancyhdr)                \setlength{\headheight}{13.59999pt}.
(fancyhdr)                You might also make \topmargin smaller:
(fancyhdr)                \addtolength{\topmargin}{-1.59999pt}.

[6]


Package fancyhdr Warning: \headheight is too small (12.0pt): 
(fancyhdr)                Make it at least 13.59999pt, for example:
(fancyhdr)                \setlength{\headheight}{13.59999pt}.
(fancyhdr)                You might also make \topmargin smaller:
(fancyhdr)                \addtolength{\topmargin}{-1.59999pt}.

[7])
\tf@toc=\write6
\openout6 = `main.toc'.




Package fancyhdr Warning: \headheight is too small (12.0pt): 
(fancyhdr)                Make it at least 13.59999pt, for example:
(fancyhdr)                \setlength{\headheight}{13.59999pt}.
(fancyhdr)                You might also make \topmargin smaller:
(fancyhdr)                \addtolength{\topmargin}{-1.59999pt}.

[8] (preface.tex
Underfull \hbox (badness 10000) in paragraph at lines 5--7

 []

) (part1/intro.tex

[1


]


Package fancyhdr Warning: \headheight is too small (12.0pt): 
(fancyhdr)                Make it at least 13.83772pt, for example:
(fancyhdr)                \setlength{\headheight}{13.83772pt}.
(fancyhdr)                You might also make \topmargin smaller:
(fancyhdr)                \addtolength{\topmargin}{-1.83772pt}.

[2

]

[3]

[4]) (part1/chapters_part1/intro.tex


Package fancyhdr Warning: \headheight is too small (12.0pt): 
(fancyhdr)                Make it at least 13.59999pt, for example:
(fancyhdr)                \setlength{\headheight}{13.59999pt}.
(fancyhdr)                You might also make \topmargin smaller:
(fancyhdr)                \addtolength{\topmargin}{-1.59999pt}.

[5]


Package fancyhdr Warning: \headheight is too small (12.0pt): 
(fancyhdr)                Make it at least 13.59999pt, for example:
(fancyhdr)                \setlength{\headheight}{13.59999pt}.
(fancyhdr)                You might also make \topmargin smaller:
(fancyhdr)                \addtolength{\topmargin}{-1.59999pt}.

[6

]
Chương 1.
) (part1/chapters_part1/chap1_1.tex

[7]
File: images/nlp_venn_diagram.png Graphic file (type bmp)
<images/nlp_venn_diagram.png>


Package caption Warning: The option `hypcap=true' will be ignored for this
(caption)                particular \caption on input line 51.
See the caption package documentation for explanation.




Package fancyhdr Warning: \headheight is too small (12.0pt): 
(fancyhdr)                Make it at least 13.83772pt, for example:
(fancyhdr)                \setlength{\headheight}{13.83772pt}.
(fancyhdr)                You might also make \topmargin smaller:
(fancyhdr)                \addtolength{\topmargin}{-1.83772pt}.

[8]

Package hyperref Warning: Token not allowed in a PDF string (Unicode):
(hyperref)                removing `math shift' on input line 65.


Package hyperref Warning: Token not allowed in a PDF string (Unicode):
(hyperref)                removing `\rightarrow' on input line 65.


Package hyperref Warning: Token not allowed in a PDF string (Unicode):
(hyperref)                removing `math shift' on input line 65.


Package hyperref Warning: Token not allowed in a PDF string (Unicode):
(hyperref)                removing `\rightarrow' on input line 65.


Package hyperref Warning: Token not allowed in a PDF string (Unicode):
(hyperref)                removing `math shift' on input line 65.


Package hyperref Warning: Token not allowed in a PDF string (Unicode):
(hyperref)                removing `\rightarrow' on input line 65.




Package fancyhdr Warning: \headheight is too small (12.0pt): 
(fancyhdr)                Make it at least 13.83772pt, for example:
(fancyhdr)                \setlength{\headheight}{13.83772pt}.
(fancyhdr)                You might also make \topmargin smaller:
(fancyhdr)                \addtolength{\topmargin}{-1.83772pt}.

[9]) (part1/chapters_part1/chap1_2.tex


Package fancyhdr Warning: \headheight is too small (12.0pt): 
(fancyhdr)                Make it at least 13.83772pt, for example:
(fancyhdr)                \setlength{\headheight}{13.83772pt}.
(fancyhdr)                You might also make \topmargin smaller:
(fancyhdr)                \addtolength{\topmargin}{-1.83772pt}.

[10]


Package fancyhdr Warning: \headheight is too small (12.0pt): 
(fancyhdr)                Make it at least 13.83772pt, for example:
(fancyhdr)                \setlength{\headheight}{13.83772pt}.
(fancyhdr)                You might also make \topmargin smaller:
(fancyhdr)                \addtolength{\topmargin}{-1.83772pt}.

[11]
Underfull \vbox (badness 2626) has occurred while \output is active []




Package fancyhdr Warning: \headheight is too small (12.0pt): 
(fancyhdr)                Make it at least 13.83772pt, for example:
(fancyhdr)                \setlength{\headheight}{13.83772pt}.
(fancyhdr)                You might also make \topmargin smaller:
(fancyhdr)                \addtolength{\topmargin}{-1.83772pt}.

[12]) (part1/chapters_part1/chap1_3.tex


Package fancyhdr Warning: \headheight is too small (12.0pt): 
(fancyhdr)                Make it at least 13.83772pt, for example:
(fancyhdr)                \setlength{\headheight}{13.83772pt}.
(fancyhdr)                You might also make \topmargin smaller:
(fancyhdr)                \addtolength{\topmargin}{-1.83772pt}.

[13]


Package fancyhdr Warning: \headheight is too small (12.0pt): 
(fancyhdr)                Make it at least 13.83772pt, for example:
(fancyhdr)                \setlength{\headheight}{13.83772pt}.
(fancyhdr)                You might also make \topmargin smaller:
(fancyhdr)                \addtolength{\topmargin}{-1.83772pt}.

[14]


Package fancyhdr Warning: \headheight is too small (12.0pt): 
(fancyhdr)                Make it at least 13.83772pt, for example:
(fancyhdr)                \setlength{\headheight}{13.83772pt}.
(fancyhdr)                You might also make \topmargin smaller:
(fancyhdr)                \addtolength{\topmargin}{-1.83772pt}.

[15]) (part1/chapters_part1/chap1_4.tex


Package fancyhdr Warning: \headheight is too small (12.0pt): 
(fancyhdr)                Make it at least 13.83772pt, for example:
(fancyhdr)                \setlength{\headheight}{13.83772pt}.
(fancyhdr)                You might also make \topmargin smaller:
(fancyhdr)                \addtolength{\topmargin}{-1.83772pt}.

[16]
Overfull \hbox (5.42128pt too wide) in paragraph at lines 19--20
[]\TU/TimesNewRoman(0)/b/n/10.95 Vai trò trong NLP: \TU/TimesNewRoman(0)/m/n/10
.95 Một từ, một câu, hay một tài liệu hoàn chỉnh đều có thể được ”nhúng”(embed)

 []




Package fancyhdr Warning: \headheight is too small (12.0pt): 
(fancyhdr)                Make it at least 13.83772pt, for example:
(fancyhdr)                \setlength{\headheight}{13.83772pt}.
(fancyhdr)                You might also make \topmargin smaller:
(fancyhdr)                \addtolength{\topmargin}{-1.83772pt}.

[17]


Package fancyhdr Warning: \headheight is too small (12.0pt): 
(fancyhdr)                Make it at least 13.83772pt, for example:
(fancyhdr)                \setlength{\headheight}{13.83772pt}.
(fancyhdr)                You might also make \topmargin smaller:
(fancyhdr)                \addtolength{\topmargin}{-1.83772pt}.

[18]) (part1/chapters_part1/chap1_5.tex


Package fancyhdr Warning: \headheight is too small (12.0pt): 
(fancyhdr)                Make it at least 13.83772pt, for example:
(fancyhdr)                \setlength{\headheight}{13.83772pt}.
(fancyhdr)                You might also make \topmargin smaller:
(fancyhdr)                \addtolength{\topmargin}{-1.83772pt}.

[19]


Package fancyhdr Warning: \headheight is too small (12.0pt): 
(fancyhdr)                Make it at least 13.83772pt, for example:
(fancyhdr)                \setlength{\headheight}{13.83772pt}.
(fancyhdr)                You might also make \topmargin smaller:
(fancyhdr)                \addtolength{\topmargin}{-1.83772pt}.

[20]


Package fancyhdr Warning: \headheight is too small (12.0pt): 
(fancyhdr)                Make it at least 13.83772pt, for example:
(fancyhdr)                \setlength{\headheight}{13.83772pt}.
(fancyhdr)                You might also make \topmargin smaller:
(fancyhdr)                \addtolength{\topmargin}{-1.83772pt}.

[21]) (part1/chapters_part2/intro.tex


Package fancyhdr Warning: \headheight is too small (12.0pt): 
(fancyhdr)                Make it at least 13.83772pt, for example:
(fancyhdr)                \setlength{\headheight}{13.83772pt}.
(fancyhdr)                You might also make \topmargin smaller:
(fancyhdr)                \addtolength{\topmargin}{-1.83772pt}.

[22]
Chương 2.

Overfull \hbox (21.03781pt too wide) in paragraph at lines 1--1
|\TU/TimesNewRoman(0)/b/n/20.74 BIỂU DIỄN VĂN BẢN VÀ CÁC MÔ HÌNH THỐNG
 []

) (part1/chapters_part2/chap2_1.tex

[23

]


Package fancyhdr Warning: \headheight is too small (12.0pt): 
(fancyhdr)                Make it at least 13.83772pt, for example:
(fancyhdr)                \setlength{\headheight}{13.83772pt}.
(fancyhdr)                You might also make \topmargin smaller:
(fancyhdr)                \addtolength{\topmargin}{-1.83772pt}.

[24]

LaTeX Warning: Reference `ex:bow_example' on page 25 undefined on input line 13
1.




Package fancyhdr Warning: \headheight is too small (12.0pt): 
(fancyhdr)                Make it at least 13.83772pt, for example:
(fancyhdr)                \setlength{\headheight}{13.83772pt}.
(fancyhdr)                You might also make \topmargin smaller:
(fancyhdr)                \addtolength{\topmargin}{-1.83772pt}.

[25]) (part1/chapters_part2/chap2_2.tex


Package fancyhdr Warning: \headheight is too small (12.0pt): 
(fancyhdr)                Make it at least 13.83772pt, for example:
(fancyhdr)                \setlength{\headheight}{13.83772pt}.
(fancyhdr)                You might also make \topmargin smaller:
(fancyhdr)                \addtolength{\topmargin}{-1.83772pt}.

[26]
Overfull \hbox (33.45694pt too wide) in paragraph at lines 33--34
[]\TU/TimesNewRoman(0)/m/n/10.95 Tuy nhiên, việc tính toán trực tiếp công thức 
này là \TU/TimesNewRoman(0)/b/n/10.95 bất khả thi \TU/TimesNewRoman(0)/m/n/10.9
5 trong thực tế. Để tính $\OML/cmm/m/it/10.95 P\OT1/cmr/m/n/10.95 (\OML/cmm/m/i
t/10.95 w[]\OMS/cmsy/m/n/10.95 j\OML/cmm/m/it/10.95 w[]; [] ; w[]\OT1/cmr/m/n/1
0.95 )$\TU/TimesNewRoman(0)/m/n/10.95 ,
 []


Overfull \hbox (38.3288pt too wide) in paragraph at lines 50--51
[]\TU/TimesNewRoman(0)/b/n/10.95 Unigram (N=1): \TU/TimesNewRoman(0)/m/n/10.95 
Xác suất của một từ không phụ thuộc vào bất kỳ từ nào trước đó. $\OML/cmm/m/it/
10.95 P\OT1/cmr/m/n/10.95 (\OML/cmm/m/it/10.95 w[]\OMS/cmsy/m/n/10.95 j\OML/cmm
/m/it/10.95 w[]; [] ; w[]\OT1/cmr/m/n/10.95 ) \OMS/cmsy/m/n/10.95 
 []


Overfull \hbox (19.31955pt too wide) in paragraph at lines 51--52
[]\TU/TimesNewRoman(0)/b/n/10.95 Bigram (N=2): \TU/TimesNewRoman(0)/m/n/10.95 X
ác suất của một từ chỉ phụ thuộc vào từ đứng ngay trước nó. $\OML/cmm/m/it/10.9
5 P\OT1/cmr/m/n/10.95 (\OML/cmm/m/it/10.95 w[]\OMS/cmsy/m/n/10.95 j\OML/cmm/m/i
t/10.95 w[]; [] ; w[]\OT1/cmr/m/n/10.95 ) \OMS/cmsy/m/n/10.95 
 []




Package fancyhdr Warning: \headheight is too small (12.0pt): 
(fancyhdr)                Make it at least 13.83772pt, for example:
(fancyhdr)                \setlength{\headheight}{13.83772pt}.
(fancyhdr)                You might also make \topmargin smaller:
(fancyhdr)                \addtolength{\topmargin}{-1.83772pt}.

[27]
Overfull \hbox (23.36697pt too wide) in paragraph at lines 52--53
[]\TU/TimesNewRoman(0)/b/n/10.95 Trigram (N=3): \TU/TimesNewRoman(0)/m/n/10.95 
Xác suất của một từ phụ thuộc vào hai từ đứng ngay trước nó. $\OML/cmm/m/it/10.
95 P\OT1/cmr/m/n/10.95 (\OML/cmm/m/it/10.95 w[]\OMS/cmsy/m/n/10.95 j\OML/cmm/m/
it/10.95 w[]; [] ; w[]\OT1/cmr/m/n/10.95 ) \OMS/cmsy/m/n/10.95 
 []


Underfull \hbox (badness 2205) in paragraph at lines 95--98
[]\TU/TimesNewRoman(0)/b/n/10.95 4. Tính xác suất cho một câu mới: \TU/TimesNew
Roman(0)/m/n/10.95 Hãy tính xác suất của câu ”tôi thích NLP”:
 []


Underfull \hbox (badness 1360) in paragraph at lines 99--102
[]\TU/TimesNewRoman(0)/m/n/10.95 Tuy nhiên, hãy nhìn vào bảng tần suất. Bigram 
‘(thích, NLP)‘ chưa từng xuất hiện!
 []


Underfull \hbox (badness 3219) in paragraph at lines 99--102
\TU/TimesNewRoman(0)/m/n/10.95 ‘Count(thích, NLP) = 0‘. Điều này dẫn đến $\OML/
cmm/m/it/10.95 P\OT1/cmr/m/n/10.95 ([]\OMS/cmsy/m/n/10.95 j[]\OT1/cmr/m/n/10.95
 ) = 0$\TU/TimesNewRoman(0)/m/n/10.95 . Và kết quả là
 []




Package fancyhdr Warning: \headheight is too small (12.0pt): 
(fancyhdr)                Make it at least 13.83772pt, for example:
(fancyhdr)                \setlength{\headheight}{13.83772pt}.
(fancyhdr)                You might also make \topmargin smaller:
(fancyhdr)                \addtolength{\topmargin}{-1.83772pt}.

[28]


Package fancyhdr Warning: \headheight is too small (12.0pt): 
(fancyhdr)                Make it at least 13.83772pt, for example:
(fancyhdr)                \setlength{\headheight}{13.83772pt}.
(fancyhdr)                You might also make \topmargin smaller:
(fancyhdr)                \addtolength{\topmargin}{-1.83772pt}.

[29]) (part1/chapters_part2/chap2_3.tex


Package fancyhdr Warning: \headheight is too small (12.0pt): 
(fancyhdr)                Make it at least 13.83772pt, for example:
(fancyhdr)                \setlength{\headheight}{13.83772pt}.
(fancyhdr)                You might also make \topmargin smaller:
(fancyhdr)                \addtolength{\topmargin}{-1.83772pt}.

[30]
File: images/logistic_regression_boundary.png Graphic file (type bmp)
<images/logistic_regression_boundary.png>


Package caption Warning: The option `hypcap=true' will be ignored for this
(caption)                particular \caption on input line 73.
See the caption package documentation for explanation.




Package fancyhdr Warning: \headheight is too small (12.0pt): 
(fancyhdr)                Make it at least 13.83772pt, for example:
(fancyhdr)                \setlength{\headheight}{13.83772pt}.
(fancyhdr)                You might also make \topmargin smaller:
(fancyhdr)                \addtolength{\topmargin}{-1.83772pt}.

[31]


Package fancyhdr Warning: \headheight is too small (12.0pt): 
(fancyhdr)                Make it at least 13.83772pt, for example:
(fancyhdr)                \setlength{\headheight}{13.83772pt}.
(fancyhdr)                You might also make \topmargin smaller:
(fancyhdr)                \addtolength{\topmargin}{-1.83772pt}.

[32]
File: images/svm_margin.png Graphic file (type bmp)
<images/svm_margin.png>


Package caption Warning: The option `hypcap=true' will be ignored for this
(caption)                particular \caption on input line 116.
See the caption package documentation for explanation.




Package fancyhdr Warning: \headheight is too small (12.0pt): 
(fancyhdr)                Make it at least 13.83772pt, for example:
(fancyhdr)                \setlength{\headheight}{13.83772pt}.
(fancyhdr)                You might also make \topmargin smaller:
(fancyhdr)                \addtolength{\topmargin}{-1.83772pt}.

[33]
File: images/hmm_diagram.png Graphic file (type bmp)
<images/hmm_diagram.png>


Package caption Warning: The option `hypcap=true' will be ignored for this
(caption)                particular \caption on input line 166.
See the caption package documentation for explanation.


Underfull \vbox (badness 1062) has occurred while \output is active []




Package fancyhdr Warning: \headheight is too small (12.0pt): 
(fancyhdr)                Make it at least 13.83772pt, for example:
(fancyhdr)                \setlength{\headheight}{13.83772pt}.
(fancyhdr)                You might also make \topmargin smaller:
(fancyhdr)                \addtolength{\topmargin}{-1.83772pt}.

[34]) (part1/chapters_part2/chap2_4.tex
Underfull \vbox (badness 3657) has occurred while \output is active []




Package fancyhdr Warning: \headheight is too small (12.0pt): 
(fancyhdr)                Make it at least 13.83772pt, for example:
(fancyhdr)                \setlength{\headheight}{13.83772pt}.
(fancyhdr)                You might also make \topmargin smaller:
(fancyhdr)                \addtolength{\topmargin}{-1.83772pt}.

[35]
Underfull \vbox (badness 10000) has occurred while \output is active []




Package fancyhdr Warning: \headheight is too small (12.0pt): 
(fancyhdr)                Make it at least 13.83772pt, for example:
(fancyhdr)                \setlength{\headheight}{13.83772pt}.
(fancyhdr)                You might also make \topmargin smaller:
(fancyhdr)                \addtolength{\topmargin}{-1.83772pt}.

[36]
File: images/lda_generative_process.png Graphic file (type bmp)
<images/lda_generative_process.png>


Package caption Warning: The option `hypcap=true' will be ignored for this
(caption)                particular \caption on input line 43.
See the caption package documentation for explanation.




Package fancyhdr Warning: \headheight is too small (12.0pt): 
(fancyhdr)                Make it at least 13.83772pt, for example:
(fancyhdr)                \setlength{\headheight}{13.83772pt}.
(fancyhdr)                You might also make \topmargin smaller:
(fancyhdr)                \addtolength{\topmargin}{-1.83772pt}.

[37]
Underfull \vbox (badness 10000) has occurred while \output is active []




Package fancyhdr Warning: \headheight is too small (12.0pt): 
(fancyhdr)                Make it at least 13.83772pt, for example:
(fancyhdr)                \setlength{\headheight}{13.83772pt}.
(fancyhdr)                You might also make \topmargin smaller:
(fancyhdr)                \addtolength{\topmargin}{-1.83772pt}.

[38]) (part1/chapters_part3/intro.tex


Package fancyhdr Warning: \headheight is too small (12.0pt): 
(fancyhdr)                Make it at least 13.83772pt, for example:
(fancyhdr)                \setlength{\headheight}{13.83772pt}.
(fancyhdr)                You might also make \topmargin smaller:
(fancyhdr)                \addtolength{\topmargin}{-1.83772pt}.

[39]


Package fancyhdr Warning: \headheight is too small (12.0pt): 
(fancyhdr)                Make it at least 13.83772pt, for example:
(fancyhdr)                \setlength{\headheight}{13.83772pt}.
(fancyhdr)                You might also make \topmargin smaller:
(fancyhdr)                \addtolength{\topmargin}{-1.83772pt}.

[40

]
Chương 3.
) (part1/chapters_part3/chap3_1.tex

[41]
File: images/word2vec_architecture.png Graphic file (type bmp)
<images/word2vec_architecture.png>


Package caption Warning: The option `hypcap=true' will be ignored for this
(caption)                particular \caption on input line 66.
See the caption package documentation for explanation.




Package fancyhdr Warning: \headheight is too small (12.0pt): 
(fancyhdr)                Make it at least 13.83772pt, for example:
(fancyhdr)                \setlength{\headheight}{13.83772pt}.
(fancyhdr)                You might also make \topmargin smaller:
(fancyhdr)                \addtolength{\topmargin}{-1.83772pt}.

[42]


Package fancyhdr Warning: \headheight is too small (12.0pt): 
(fancyhdr)                Make it at least 13.83772pt, for example:
(fancyhdr)                \setlength{\headheight}{13.83772pt}.
(fancyhdr)                You might also make \topmargin smaller:
(fancyhdr)                \addtolength{\topmargin}{-1.83772pt}.

[43]
File: images/cbow_skipgram_diagram.png Graphic file (type bmp)
<images/cbow_skipgram_diagram.png>


Package caption Warning: The option `hypcap=true' will be ignored for this
(caption)                particular \caption on input line 111.
See the caption package documentation for explanation.




Package fancyhdr Warning: \headheight is too small (12.0pt): 
(fancyhdr)                Make it at least 13.83772pt, for example:
(fancyhdr)                \setlength{\headheight}{13.83772pt}.
(fancyhdr)                You might also make \topmargin smaller:
(fancyhdr)                \addtolength{\topmargin}{-1.83772pt}.

[44]


Package fancyhdr Warning: \headheight is too small (12.0pt): 
(fancyhdr)                Make it at least 13.83772pt, for example:
(fancyhdr)                \setlength{\headheight}{13.83772pt}.
(fancyhdr)                You might also make \topmargin smaller:
(fancyhdr)                \addtolength{\topmargin}{-1.83772pt}.

[45]
Overfull \hbox (18.4271pt too wide) in paragraph at lines 184--185
[]\TU/TimesNewRoman(0)/b/n/10.95 Subsampling các từ thường xuyên: \TU/TimesNewR
oman(0)/m/n/10.95 Các từ xuất hiện rất thường xuyên (như ”là”, ”và”, ”trong”tro
ng
 []


Underfull \vbox (badness 3439) has occurred while \output is active []




Package fancyhdr Warning: \headheight is too small (12.0pt): 
(fancyhdr)                Make it at least 13.83772pt, for example:
(fancyhdr)                \setlength{\headheight}{13.83772pt}.
(fancyhdr)                You might also make \topmargin smaller:
(fancyhdr)                \addtolength{\topmargin}{-1.83772pt}.

[46]


Package fancyhdr Warning: \headheight is too small (12.0pt): 
(fancyhdr)                Make it at least 13.83772pt, for example:
(fancyhdr)                \setlength{\headheight}{13.83772pt}.
(fancyhdr)                You might also make \topmargin smaller:
(fancyhdr)                \addtolength{\topmargin}{-1.83772pt}.

[47]


Package fancyhdr Warning: \headheight is too small (12.0pt): 
(fancyhdr)                Make it at least 13.83772pt, for example:
(fancyhdr)                \setlength{\headheight}{13.83772pt}.
(fancyhdr)                You might also make \topmargin smaller:
(fancyhdr)                \addtolength{\topmargin}{-1.83772pt}.

[48]
Underfull \vbox (badness 10000) has occurred while \output is active []




Package fancyhdr Warning: \headheight is too small (12.0pt): 
(fancyhdr)                Make it at least 13.83772pt, for example:
(fancyhdr)                \setlength{\headheight}{13.83772pt}.
(fancyhdr)                You might also make \topmargin smaller:
(fancyhdr)                \addtolength{\topmargin}{-1.83772pt}.

[49]


Package fancyhdr Warning: \headheight is too small (12.0pt): 
(fancyhdr)                Make it at least 13.83772pt, for example:
(fancyhdr)                \setlength{\headheight}{13.83772pt}.
(fancyhdr)                You might also make \topmargin smaller:
(fancyhdr)                \addtolength{\topmargin}{-1.83772pt}.

[50]
Missing character: There is no á in font cmmi10!
Missing character: There is no á in font cmmi10!



Package fancyhdr Warning: \headheight is too small (12.0pt): 
(fancyhdr)                Make it at least 13.83772pt, for example:
(fancyhdr)                \setlength{\headheight}{13.83772pt}.
(fancyhdr)                You might also make \topmargin smaller:
(fancyhdr)                \addtolength{\topmargin}{-1.83772pt}.

[51]) (part1/chapters_part3/chap3_2.tex
File: images/autoencoder_structure.png Graphic file (type bmp)
<images/autoencoder_structure.png>


Package caption Warning: The option `hypcap=true' will be ignored for this
(caption)                particular \caption on input line 28.
See the caption package documentation for explanation.


Underfull \vbox (badness 5622) has occurred while \output is active []




Package fancyhdr Warning: \headheight is too small (12.0pt): 
(fancyhdr)                Make it at least 13.83772pt, for example:
(fancyhdr)                \setlength{\headheight}{13.83772pt}.
(fancyhdr)                You might also make \topmargin smaller:
(fancyhdr)                \addtolength{\topmargin}{-1.83772pt}.

[52]
Underfull \vbox (badness 10000) has occurred while \output is active []




Package fancyhdr Warning: \headheight is too small (12.0pt): 
(fancyhdr)                Make it at least 13.83772pt, for example:
(fancyhdr)                \setlength{\headheight}{13.83772pt}.
(fancyhdr)                You might also make \topmargin smaller:
(fancyhdr)                \addtolength{\topmargin}{-1.83772pt}.

[53]) (part1/chapters_part3/chap3_3.tex


Package fancyhdr Warning: \headheight is too small (12.0pt): 
(fancyhdr)                Make it at least 13.83772pt, for example:
(fancyhdr)                \setlength{\headheight}{13.83772pt}.
(fancyhdr)                You might also make \topmargin smaller:
(fancyhdr)                \addtolength{\topmargin}{-1.83772pt}.

[54]
File: images/rnn_unrolled.png Graphic file (type bmp)
<images/rnn_unrolled.png>


Package caption Warning: The option `hypcap=true' will be ignored for this
(caption)                particular \caption on input line 20.
See the caption package documentation for explanation.




Package fancyhdr Warning: \headheight is too small (12.0pt): 
(fancyhdr)                Make it at least 13.83772pt, for example:
(fancyhdr)                \setlength{\headheight}{13.83772pt}.
(fancyhdr)                You might also make \topmargin smaller:
(fancyhdr)                \addtolength{\topmargin}{-1.83772pt}.

[55]


Package fancyhdr Warning: \headheight is too small (12.0pt): 
(fancyhdr)                Make it at least 13.83772pt, for example:
(fancyhdr)                \setlength{\headheight}{13.83772pt}.
(fancyhdr)                You might also make \topmargin smaller:
(fancyhdr)                \addtolength{\topmargin}{-1.83772pt}.

[56]
File: images/lstm_cell_diagram.png Graphic file (type bmp)
<images/lstm_cell_diagram.png>


Package caption Warning: The option `hypcap=true' will be ignored for this
(caption)                particular \caption on input line 92.
See the caption package documentation for explanation.




Package fancyhdr Warning: \headheight is too small (12.0pt): 
(fancyhdr)                Make it at least 13.83772pt, for example:
(fancyhdr)                \setlength{\headheight}{13.83772pt}.
(fancyhdr)                You might also make \topmargin smaller:
(fancyhdr)                \addtolength{\topmargin}{-1.83772pt}.

[57]


Package fancyhdr Warning: \headheight is too small (12.0pt): 
(fancyhdr)                Make it at least 13.83772pt, for example:
(fancyhdr)                \setlength{\headheight}{13.83772pt}.
(fancyhdr)                You might also make \topmargin smaller:
(fancyhdr)                \addtolength{\topmargin}{-1.83772pt}.

[58]) (part1/chapters_part3/chap3_4.tex


Package fancyhdr Warning: \headheight is too small (12.0pt): 
(fancyhdr)                Make it at least 13.83772pt, for example:
(fancyhdr)                \setlength{\headheight}{13.83772pt}.
(fancyhdr)                You might also make \topmargin smaller:
(fancyhdr)                \addtolength{\topmargin}{-1.83772pt}.

[59]
File: images/seq2seq_architecture.png Graphic file (type bmp)
<images/seq2seq_architecture.png>


Package caption Warning: The option `hypcap=true' will be ignored for this
(caption)                particular \caption on input line 20.
See the caption package documentation for explanation.


Underfull \vbox (badness 10000) has occurred while \output is active []




Package fancyhdr Warning: \headheight is too small (12.0pt): 
(fancyhdr)                Make it at least 13.83772pt, for example:
(fancyhdr)                \setlength{\headheight}{13.83772pt}.
(fancyhdr)                You might also make \topmargin smaller:
(fancyhdr)                \addtolength{\topmargin}{-1.83772pt}.

[60]
Overfull \hbox (16.422pt too wide) in paragraph at lines 31--32
[]\TU/TimesNewRoman(0)/m/n/10.95 Nó nhận đầu vào là một chuỗi các vector từ (wo
rd embeddings) của câu nguồn, ví dụ: $\OML/cmm/m/it/10.95 x[]; x[]; [] ; x[]$\T
U/TimesNewRoman(0)/m/n/10.95 . 
 []


Underfull \vbox (badness 10000) has occurred while \output is active []




Package fancyhdr Warning: \headheight is too small (12.0pt): 
(fancyhdr)                Make it at least 13.83772pt, for example:
(fancyhdr)                \setlength{\headheight}{13.83772pt}.
(fancyhdr)                You might also make \topmargin smaller:
(fancyhdr)                \addtolength{\topmargin}{-1.83772pt}.

[61]


Package fancyhdr Warning: \headheight is too small (12.0pt): 
(fancyhdr)                Make it at least 13.83772pt, for example:
(fancyhdr)                \setlength{\headheight}{13.83772pt}.
(fancyhdr)                You might also make \topmargin smaller:
(fancyhdr)                \addtolength{\topmargin}{-1.83772pt}.

[62]


Package fancyhdr Warning: \headheight is too small (12.0pt): 
(fancyhdr)                Make it at least 13.83772pt, for example:
(fancyhdr)                \setlength{\headheight}{13.83772pt}.
(fancyhdr)                You might also make \topmargin smaller:
(fancyhdr)                \addtolength{\topmargin}{-1.83772pt}.

[63]
File: images/seq2seq_attention_mechanism.png Graphic file (type bmp)
<images/seq2seq_attention_mechanism.png>


Package caption Warning: The option `hypcap=true' will be ignored for this
(caption)                particular \caption on input line 123.
See the caption package documentation for explanation.




Package fancyhdr Warning: \headheight is too small (12.0pt): 
(fancyhdr)                Make it at least 13.83772pt, for example:
(fancyhdr)                \setlength{\headheight}{13.83772pt}.
(fancyhdr)                You might also make \topmargin smaller:
(fancyhdr)                \addtolength{\topmargin}{-1.83772pt}.

[64]) (part1/chapters_part3/chap3_5.tex


Package fancyhdr Warning: \headheight is too small (12.0pt): 
(fancyhdr)                Make it at least 13.83772pt, for example:
(fancyhdr)                \setlength{\headheight}{13.83772pt}.
(fancyhdr)                You might also make \topmargin smaller:
(fancyhdr)                \addtolength{\topmargin}{-1.83772pt}.

[65]
File: images/cnn_nlp_architecture.png Graphic file (type bmp)
<images/cnn_nlp_architecture.png>


Package caption Warning: The option `hypcap=true' will be ignored for this
(caption)                particular \caption on input line 25.
See the caption package documentation for explanation.


Underfull \vbox (badness 10000) has occurred while \output is active []




Package fancyhdr Warning: \headheight is too small (12.0pt): 
(fancyhdr)                Make it at least 13.83772pt, for example:
(fancyhdr)                \setlength{\headheight}{13.83772pt}.
(fancyhdr)                You might also make \topmargin smaller:
(fancyhdr)                \addtolength{\topmargin}{-1.83772pt}.

[66]


Package fancyhdr Warning: \headheight is too small (12.0pt): 
(fancyhdr)                Make it at least 13.83772pt, for example:
(fancyhdr)                \setlength{\headheight}{13.83772pt}.
(fancyhdr)                You might also make \topmargin smaller:
(fancyhdr)                \addtolength{\topmargin}{-1.83772pt}.

[67]
Overfull \hbox (1.11008pt too wide) in paragraph at lines 47--48
[]\TU/TimesNewRoman(0)/b/n/10.95 Bộ lọc (Filter): \TU/TimesNewRoman(0)/m/n/10.9
5 Một bộ lọc là một ma trận trọng số nhỏ, có kích thước (\TU/CourierNew(0)/m/n/
10.95 kích_thước_N-gram\TU/TimesNewRoman(0)/m/n/10.95 ,
 []




Package fancyhdr Warning: \headheight is too small (12.0pt): 
(fancyhdr)                Make it at least 13.83772pt, for example:
(fancyhdr)                \setlength{\headheight}{13.83772pt}.
(fancyhdr)                You might also make \topmargin smaller:
(fancyhdr)                \addtolength{\topmargin}{-1.83772pt}.

[68]
Underfull \vbox (badness 10000) has occurred while \output is active []




Package fancyhdr Warning: \headheight is too small (12.0pt): 
(fancyhdr)                Make it at least 13.83772pt, for example:
(fancyhdr)                \setlength{\headheight}{13.83772pt}.
(fancyhdr)                You might also make \topmargin smaller:
(fancyhdr)                \addtolength{\topmargin}{-1.83772pt}.

[69]


Package fancyhdr Warning: \headheight is too small (12.0pt): 
(fancyhdr)                Make it at least 13.83772pt, for example:
(fancyhdr)                \setlength{\headheight}{13.83772pt}.
(fancyhdr)                You might also make \topmargin smaller:
(fancyhdr)                \addtolength{\topmargin}{-1.83772pt}.

[70]) (part1/chapters_part3/chap3_6.tex


Package fancyhdr Warning: \headheight is too small (12.0pt): 
(fancyhdr)                Make it at least 13.83772pt, for example:
(fancyhdr)                \setlength{\headheight}{13.83772pt}.
(fancyhdr)                You might also make \topmargin smaller:
(fancyhdr)                \addtolength{\topmargin}{-1.83772pt}.

[71]
Overfull \hbox (60.03267pt too wide) detected at line 66
[]  \OMS/cmsy/m/n/10.95 !  []  !  []  !  f[][]g[]  !  []\OML/cmm/m/it/10.95   
\OMS/cmsy/m/n/10.95 !  [][]\OML/cmm/m/it/10.95 :
 []




Package fancyhdr Warning: \headheight is too small (12.0pt): 
(fancyhdr)                Make it at least 13.83772pt, for example:
(fancyhdr)                \setlength{\headheight}{13.83772pt}.
(fancyhdr)                You might also make \topmargin smaller:
(fancyhdr)                \addtolength{\topmargin}{-1.83772pt}.

[72]


Package fancyhdr Warning: \headheight is too small (12.0pt): 
(fancyhdr)                Make it at least 13.83772pt, for example:
(fancyhdr)                \setlength{\headheight}{13.83772pt}.
(fancyhdr)                You might also make \topmargin smaller:
(fancyhdr)                \addtolength{\topmargin}{-1.83772pt}.

[73]
File: images/ulmfit_process.png Graphic file (type bmp)
<images/ulmfit_process.png>


Package caption Warning: The option `hypcap=true' will be ignored for this
(caption)                particular \caption on input line 203.
See the caption package documentation for explanation.


Underfull \vbox (badness 10000) has occurred while \output is active []




Package fancyhdr Warning: \headheight is too small (12.0pt): 
(fancyhdr)                Make it at least 13.83772pt, for example:
(fancyhdr)                \setlength{\headheight}{13.83772pt}.
(fancyhdr)                You might also make \topmargin smaller:
(fancyhdr)                \addtolength{\topmargin}{-1.83772pt}.

[74]


Package fancyhdr Warning: \headheight is too small (12.0pt): 
(fancyhdr)                Make it at least 13.83772pt, for example:
(fancyhdr)                \setlength{\headheight}{13.83772pt}.
(fancyhdr)                You might also make \topmargin smaller:
(fancyhdr)                \addtolength{\topmargin}{-1.83772pt}.

[75]) (part1/chapters_part3/chap3_7.tex


Package fancyhdr Warning: \headheight is too small (12.0pt): 
(fancyhdr)                Make it at least 13.83772pt, for example:
(fancyhdr)                \setlength{\headheight}{13.83772pt}.
(fancyhdr)                You might also make \topmargin smaller:
(fancyhdr)                \addtolength{\topmargin}{-1.83772pt}.

[76]
File: images/siamese_network_architecture.png Graphic file (type bmp)
<images/siamese_network_architecture.png>


Package caption Warning: The option `hypcap=true' will be ignored for this
(caption)                particular \caption on input line 50.
See the caption package documentation for explanation.




Package fancyhdr Warning: \headheight is too small (12.0pt): 
(fancyhdr)                Make it at least 13.83772pt, for example:
(fancyhdr)                \setlength{\headheight}{13.83772pt}.
(fancyhdr)                You might also make \topmargin smaller:
(fancyhdr)                \addtolength{\topmargin}{-1.83772pt}.

[77]


Package fancyhdr Warning: \headheight is too small (12.0pt): 
(fancyhdr)                Make it at least 13.83772pt, for example:
(fancyhdr)                \setlength{\headheight}{13.83772pt}.
(fancyhdr)                You might also make \topmargin smaller:
(fancyhdr)                \addtolength{\topmargin}{-1.83772pt}.

[78]


Package fancyhdr Warning: \headheight is too small (12.0pt): 
(fancyhdr)                Make it at least 13.83772pt, for example:
(fancyhdr)                \setlength{\headheight}{13.83772pt}.
(fancyhdr)                You might also make \topmargin smaller:
(fancyhdr)                \addtolength{\topmargin}{-1.83772pt}.

[79]
File: images/gnn_message_passing.png Graphic file (type bmp)
<images/gnn_message_passing.png>


Package caption Warning: The option `hypcap=true' will be ignored for this
(caption)                particular \caption on input line 164.
See the caption package documentation for explanation.




Package fancyhdr Warning: \headheight is too small (12.0pt): 
(fancyhdr)                Make it at least 13.83772pt, for example:
(fancyhdr)                \setlength{\headheight}{13.83772pt}.
(fancyhdr)                You might also make \topmargin smaller:
(fancyhdr)                \addtolength{\topmargin}{-1.83772pt}.

[80]) (part1/chapters_part3/chap3_8.tex


Package fancyhdr Warning: \headheight is too small (12.0pt): 
(fancyhdr)                Make it at least 13.83772pt, for example:
(fancyhdr)                \setlength{\headheight}{13.83772pt}.
(fancyhdr)                You might also make \topmargin smaller:
(fancyhdr)                \addtolength{\topmargin}{-1.83772pt}.

[81]
Missing character: There is no ⇒ in font Times New Roman/OT:script=latn;languag
e=dflt;mapping=tex-text;!



Package fancyhdr Warning: \headheight is too small (12.0pt): 
(fancyhdr)                Make it at least 13.83772pt, for example:
(fancyhdr)                \setlength{\headheight}{13.83772pt}.
(fancyhdr)                You might also make \topmargin smaller:
(fancyhdr)                \addtolength{\topmargin}{-1.83772pt}.

[82]
Underfull \hbox (badness 10000) in paragraph at lines 78--78
[]|\TU/TimesNewRoman(0)/m/n/10.95 Xác suất, tối ưu ELBO
 []

) (part1/chapters_part4/intro.tex


Package fancyhdr Warning: \headheight is too small (12.0pt): 
(fancyhdr)                Make it at least 13.83772pt, for example:
(fancyhdr)                \setlength{\headheight}{13.83772pt}.
(fancyhdr)                You might also make \topmargin smaller:
(fancyhdr)                \addtolength{\topmargin}{-1.83772pt}.

[83]


Package fancyhdr Warning: \headheight is too small (12.0pt): 
(fancyhdr)                Make it at least 13.83772pt, for example:
(fancyhdr)                \setlength{\headheight}{13.83772pt}.
(fancyhdr)                You might also make \topmargin smaller:
(fancyhdr)                \addtolength{\topmargin}{-1.83772pt}.

[84

]
Chương 4.

Overfull \hbox (29.07533pt too wide) in paragraph at lines 1--1
|\TU/TimesNewRoman(0)/b/n/20.74 KỶ NGUYÊN TRANSFORMER VÀ CÁC MÔ HÌNH
 []

) (part1/chapters_part4/chap4_1.tex

[85]


Package fancyhdr Warning: \headheight is too small (12.0pt): 
(fancyhdr)                Make it at least 13.83772pt, for example:
(fancyhdr)                \setlength{\headheight}{13.83772pt}.
(fancyhdr)                You might also make \topmargin smaller:
(fancyhdr)                \addtolength{\topmargin}{-1.83772pt}.

[86]
File: images/scaled_dot_product_attention.png Graphic file (type bmp)
<images/scaled_dot_product_attention.png>


Package caption Warning: The option `hypcap=true' will be ignored for this
(caption)                particular \caption on input line 93.
See the caption package documentation for explanation.




Package fancyhdr Warning: \headheight is too small (12.0pt): 
(fancyhdr)                Make it at least 13.83772pt, for example:
(fancyhdr)                \setlength{\headheight}{13.83772pt}.
(fancyhdr)                You might also make \topmargin smaller:
(fancyhdr)                \addtolength{\topmargin}{-1.83772pt}.

[87]
File: images/multi_head_attention.png Graphic file (type bmp)
<images/multi_head_attention.png>


Package caption Warning: The option `hypcap=true' will be ignored for this
(caption)                particular \caption on input line 119.
See the caption package documentation for explanation.


Overfull \hbox (11.16974pt too wide) in paragraph at lines 139--140
[]\TU/TimesNewRoman(0)/b/n/10.95 Residual Connection (Kết nối phần dư): \TU/Tim
esNewRoman(0)/m/n/10.95 Đầu ra của mỗi lớp con là $[]\OT1/cmr/m/n/10.95 (\OML/c
mm/m/it/10.95 x \OT1/cmr/m/n/10.95 + [](\OML/cmm/m/it/10.95 x\OT1/cmr/m/n/10.95
 ))$\TU/TimesNewRoman(0)/m/n/10.95 .
 []




Package fancyhdr Warning: \headheight is too small (12.0pt): 
(fancyhdr)                Make it at least 13.83772pt, for example:
(fancyhdr)                \setlength{\headheight}{13.83772pt}.
(fancyhdr)                You might also make \topmargin smaller:
(fancyhdr)                \addtolength{\topmargin}{-1.83772pt}.

[88]


Package fancyhdr Warning: \headheight is too small (12.0pt): 
(fancyhdr)                Make it at least 13.83772pt, for example:
(fancyhdr)                \setlength{\headheight}{13.83772pt}.
(fancyhdr)                You might also make \topmargin smaller:
(fancyhdr)                \addtolength{\topmargin}{-1.83772pt}.

[89]


Package fancyhdr Warning: \headheight is too small (12.0pt): 
(fancyhdr)                Make it at least 13.83772pt, for example:
(fancyhdr)                \setlength{\headheight}{13.83772pt}.
(fancyhdr)                You might also make \topmargin smaller:
(fancyhdr)                \addtolength{\topmargin}{-1.83772pt}.

[90]) (part1/chapters_part4/chap4_2.tex


Package fancyhdr Warning: \headheight is too small (12.0pt): 
(fancyhdr)                Make it at least 13.83772pt, for example:
(fancyhdr)                \setlength{\headheight}{13.83772pt}.
(fancyhdr)                You might also make \topmargin smaller:
(fancyhdr)                \addtolength{\topmargin}{-1.83772pt}.

[91]
File: images/bert_mlm_nsp.png Graphic file (type bmp)
<images/bert_mlm_nsp.png>


Package caption Warning: The option `hypcap=true' will be ignored for this
(caption)                particular \caption on input line 50.
See the caption package documentation for explanation.




Package fancyhdr Warning: \headheight is too small (12.0pt): 
(fancyhdr)                Make it at least 13.83772pt, for example:
(fancyhdr)                \setlength{\headheight}{13.83772pt}.
(fancyhdr)                You might also make \topmargin smaller:
(fancyhdr)                \addtolength{\topmargin}{-1.83772pt}.

[92]


Package fancyhdr Warning: \headheight is too small (12.0pt): 
(fancyhdr)                Make it at least 13.83772pt, for example:
(fancyhdr)                \setlength{\headheight}{13.83772pt}.
(fancyhdr)                You might also make \topmargin smaller:
(fancyhdr)                \addtolength{\topmargin}{-1.83772pt}.

[93]
File: images/transformer_encoder_detailed.png Graphic file (type bmp)
<images/transformer_encoder_detailed.png>


Package caption Warning: The option `hypcap=true' will be ignored for this
(caption)                particular \caption on input line 101.
See the caption package documentation for explanation.




Package fancyhdr Warning: \headheight is too small (12.0pt): 
(fancyhdr)                Make it at least 13.83772pt, for example:
(fancyhdr)                \setlength{\headheight}{13.83772pt}.
(fancyhdr)                You might also make \topmargin smaller:
(fancyhdr)                \addtolength{\topmargin}{-1.83772pt}.

[94]


Package fancyhdr Warning: \headheight is too small (12.0pt): 
(fancyhdr)                Make it at least 13.83772pt, for example:
(fancyhdr)                \setlength{\headheight}{13.83772pt}.
(fancyhdr)                You might also make \topmargin smaller:
(fancyhdr)                \addtolength{\topmargin}{-1.83772pt}.

[95]


Package fancyhdr Warning: \headheight is too small (12.0pt): 
(fancyhdr)                Make it at least 13.83772pt, for example:
(fancyhdr)                \setlength{\headheight}{13.83772pt}.
(fancyhdr)                You might also make \topmargin smaller:
(fancyhdr)                \addtolength{\topmargin}{-1.83772pt}.

[96]


Package fancyhdr Warning: \headheight is too small (12.0pt): 
(fancyhdr)                Make it at least 13.83772pt, for example:
(fancyhdr)                \setlength{\headheight}{13.83772pt}.
(fancyhdr)                You might also make \topmargin smaller:
(fancyhdr)                \addtolength{\topmargin}{-1.83772pt}.

[97]
File: images/gpt_clm.png Graphic file (type bmp)
<images/gpt_clm.png>


Package caption Warning: The option `hypcap=true' will be ignored for this
(caption)                particular \caption on input line 267.
See the caption package documentation for explanation.




Package fancyhdr Warning: \headheight is too small (12.0pt): 
(fancyhdr)                Make it at least 13.83772pt, for example:
(fancyhdr)                \setlength{\headheight}{13.83772pt}.
(fancyhdr)                You might also make \topmargin smaller:
(fancyhdr)                \addtolength{\topmargin}{-1.83772pt}.

[98]


Package fancyhdr Warning: \headheight is too small (12.0pt): 
(fancyhdr)                Make it at least 13.83772pt, for example:
(fancyhdr)                \setlength{\headheight}{13.83772pt}.
(fancyhdr)                You might also make \topmargin smaller:
(fancyhdr)                \addtolength{\topmargin}{-1.83772pt}.

[99]
Overfull \hbox (6.41533pt too wide) in paragraph at lines 330--331
[]\TU/TimesNewRoman(0)/b/n/10.95 Cohere: \TU/TimesNewRoman(0)/m/n/10.95 Command
 R(+), tập trung vào các ứng dụng doanh nghiệp và Retrieval-Augmented
 []




Package fancyhdr Warning: \headheight is too small (12.0pt): 
(fancyhdr)                Make it at least 13.83772pt, for example:
(fancyhdr)                \setlength{\headheight}{13.83772pt}.
(fancyhdr)                You might also make \topmargin smaller:
(fancyhdr)                \addtolength{\topmargin}{-1.83772pt}.

[100]


Package fancyhdr Warning: \headheight is too small (12.0pt): 
(fancyhdr)                Make it at least 13.83772pt, for example:
(fancyhdr)                \setlength{\headheight}{13.83772pt}.
(fancyhdr)                You might also make \topmargin smaller:
(fancyhdr)                \addtolength{\topmargin}{-1.83772pt}.

[101]
File: images/transformer_encoder_decoder_full.png Graphic file (type bmp)
<images/transformer_encoder_decoder_full.png>


Package caption Warning: The option `hypcap=true' will be ignored for this
(caption)                particular \caption on input line 420.
See the caption package documentation for explanation.


Underfull \vbox (badness 10000) has occurred while \output is active []




Package fancyhdr Warning: \headheight is too small (12.0pt): 
(fancyhdr)                Make it at least 13.83772pt, for example:
(fancyhdr)                \setlength{\headheight}{13.83772pt}.
(fancyhdr)                You might also make \topmargin smaller:
(fancyhdr)                \addtolength{\topmargin}{-1.83772pt}.

[102]


Package fancyhdr Warning: \headheight is too small (12.0pt): 
(fancyhdr)                Make it at least 13.83772pt, for example:
(fancyhdr)                \setlength{\headheight}{13.83772pt}.
(fancyhdr)                You might also make \topmargin smaller:
(fancyhdr)                \addtolength{\topmargin}{-1.83772pt}.

[103]
Overfull \hbox (2.89026pt too wide) in paragraph at lines 446--451
\TU/CourierNew(0)/m/n/10.95 German: Hello → Hallo\TU/TimesNewRoman(0)/m/n/10.95
 , \TU/CourierNew(0)/m/n/10.95 summarize: [đoạn văn] → [tóm tắt]\TU/TimesNewRom
an(0)/m/n/10.95 , \TU/CourierNew(0)/m/n/10.95 classify
 []

File: images/t5_text_to_text_framework.png Graphic file (type bmp)
<images/t5_text_to_text_framework.png>

Package caption Warning: The option `hypcap=true' will be ignored for this
(caption)                particular \caption on input line 461.
See the caption package documentation for explanation.




Package fancyhdr Warning: \headheight is too small (12.0pt): 
(fancyhdr)                Make it at least 13.83772pt, for example:
(fancyhdr)                \setlength{\headheight}{13.83772pt}.
(fancyhdr)                You might also make \topmargin smaller:
(fancyhdr)                \addtolength{\topmargin}{-1.83772pt}.

[104]) (part1/chapters_part4/chap4_3.tex
Underfull \vbox (badness 1331) has occurred while \output is active []




Package fancyhdr Warning: \headheight is too small (12.0pt): 
(fancyhdr)                Make it at least 13.83772pt, for example:
(fancyhdr)                \setlength{\headheight}{13.83772pt}.
(fancyhdr)                You might also make \topmargin smaller:
(fancyhdr)                \addtolength{\topmargin}{-1.83772pt}.

[105]


Package fancyhdr Warning: \headheight is too small (12.0pt): 
(fancyhdr)                Make it at least 13.83772pt, for example:
(fancyhdr)                \setlength{\headheight}{13.83772pt}.
(fancyhdr)                You might also make \topmargin smaller:
(fancyhdr)                \addtolength{\topmargin}{-1.83772pt}.

[106]
Missing character: There is no � in font Times New Roman/OT:script=latn;languag
e=dflt;mapping=tex-text;!
Missing character: There is no � in font Times New Roman/OT:script=latn;languag
e=dflt;mapping=tex-text;!



Package fancyhdr Warning: \headheight is too small (12.0pt): 
(fancyhdr)                Make it at least 13.83772pt, for example:
(fancyhdr)                \setlength{\headheight}{13.83772pt}.
(fancyhdr)                You might also make \topmargin smaller:
(fancyhdr)                \addtolength{\topmargin}{-1.83772pt}.

[107]


Package fancyhdr Warning: \headheight is too small (12.0pt): 
(fancyhdr)                Make it at least 13.83772pt, for example:
(fancyhdr)                \setlength{\headheight}{13.83772pt}.
(fancyhdr)                You might also make \topmargin smaller:
(fancyhdr)                \addtolength{\topmargin}{-1.83772pt}.

[108]
Underfull \hbox (badness 6078) in paragraph at lines 178--178
[]|\TU/TimesNewRoman(0)/m/n/10.95 Tần suất cặp cao
 []


Underfull \hbox (badness 3713) in paragraph at lines 178--178
[]|\TU/TimesNewRoman(0)/m/n/10.95 Tối đa hóa likeli-
 []


Underfull \hbox (badness 2205) in paragraph at lines 178--178
[]|\TU/TimesNewRoman(0)/m/n/10.95 Coi là ký tự bình
 []


Underfull \hbox (badness 10000) in paragraph at lines 178--178
[]|\TU/TimesNewRoman(0)/m/n/10.95 GPT, RoBERTa,
 []


Underfull \hbox (badness 10000) in paragraph at lines 178--178
[]|\TU/TimesNewRoman(0)/m/n/10.95 T5, ALBERT,
 []

) (part1/chapters_part4/chap4_4.tex


Package fancyhdr Warning: \headheight is too small (12.0pt): 
(fancyhdr)                Make it at least 13.83772pt, for example:
(fancyhdr)                \setlength{\headheight}{13.83772pt}.
(fancyhdr)                You might also make \topmargin smaller:
(fancyhdr)                \addtolength{\topmargin}{-1.83772pt}.

[109]
File: images/sparse_attention_patterns.png Graphic file (type bmp)
<images/sparse_attention_patterns.png>


Package caption Warning: The option `hypcap=true' will be ignored for this
(caption)                particular \caption on input line 47.
See the caption package documentation for explanation.




Package fancyhdr Warning: \headheight is too small (12.0pt): 
(fancyhdr)                Make it at least 13.83772pt, for example:
(fancyhdr)                \setlength{\headheight}{13.83772pt}.
(fancyhdr)                You might also make \topmargin smaller:
(fancyhdr)                \addtolength{\topmargin}{-1.83772pt}.

[110]


Package fancyhdr Warning: \headheight is too small (12.0pt): 
(fancyhdr)                Make it at least 13.83772pt, for example:
(fancyhdr)                \setlength{\headheight}{13.83772pt}.
(fancyhdr)                You might also make \topmargin smaller:
(fancyhdr)                \addtolength{\topmargin}{-1.83772pt}.

[111]


Package fancyhdr Warning: \headheight is too small (12.0pt): 
(fancyhdr)                Make it at least 13.83772pt, for example:
(fancyhdr)                \setlength{\headheight}{13.83772pt}.
(fancyhdr)                You might also make \topmargin smaller:
(fancyhdr)                \addtolength{\topmargin}{-1.83772pt}.

[112]) (part1/chapters_part4/chap4_5.tex
File: images/moe_transformer_block.png Graphic file (type bmp)
<images/moe_transformer_block.png>


Package caption Warning: The option `hypcap=true' will be ignored for this
(caption)                particular \caption on input line 34.
See the caption package documentation for explanation.




Package fancyhdr Warning: \headheight is too small (12.0pt): 
(fancyhdr)                Make it at least 13.83772pt, for example:
(fancyhdr)                \setlength{\headheight}{13.83772pt}.
(fancyhdr)                You might also make \topmargin smaller:
(fancyhdr)                \addtolength{\topmargin}{-1.83772pt}.

[113]


Package fancyhdr Warning: \headheight is too small (12.0pt): 
(fancyhdr)                Make it at least 13.83772pt, for example:
(fancyhdr)                \setlength{\headheight}{13.83772pt}.
(fancyhdr)                You might also make \topmargin smaller:
(fancyhdr)                \addtolength{\topmargin}{-1.83772pt}.

[114]


Package fancyhdr Warning: \headheight is too small (12.0pt): 
(fancyhdr)                Make it at least 13.83772pt, for example:
(fancyhdr)                \setlength{\headheight}{13.83772pt}.
(fancyhdr)                You might also make \topmargin smaller:
(fancyhdr)                \addtolength{\topmargin}{-1.83772pt}.

[115]) (part1/chapters_part5/intro.tex


Package fancyhdr Warning: \headheight is too small (12.0pt): 
(fancyhdr)                Make it at least 13.83772pt, for example:
(fancyhdr)                \setlength{\headheight}{13.83772pt}.
(fancyhdr)                You might also make \topmargin smaller:
(fancyhdr)                \addtolength{\topmargin}{-1.83772pt}.

[116]
Chương 5.
) (part1/chapters_part5/chap5_1.tex
File: images/transfer_learning_paradigm.png Graphic file (type bmp)
<images/transfer_learning_paradigm.png>


Package caption Warning: The option `hypcap=true' will be ignored for this
(caption)                particular \caption on input line 24.
See the caption package documentation for explanation.


Underfull \vbox (badness 10000) has occurred while \output is active []



[117

]


Package fancyhdr Warning: \headheight is too small (12.0pt): 
(fancyhdr)                Make it at least 13.83772pt, for example:
(fancyhdr)                \setlength{\headheight}{13.83772pt}.
(fancyhdr)                You might also make \topmargin smaller:
(fancyhdr)                \addtolength{\topmargin}{-1.83772pt}.

[118]) (part1/chapters_part5/chap5_2.tex


Package fancyhdr Warning: \headheight is too small (12.0pt): 
(fancyhdr)                Make it at least 13.83772pt, for example:
(fancyhdr)                \setlength{\headheight}{13.83772pt}.
(fancyhdr)                You might also make \topmargin smaller:
(fancyhdr)                \addtolength{\topmargin}{-1.83772pt}.

[119]
File: images/5group_peft_venn.jpg Graphic file (type bmp)
<images/5group_peft_venn.jpg>


Package caption Warning: The option `hypcap=true' will be ignored for this
(caption)                particular \caption on input line 34.
See the caption package documentation for explanation.




Package fancyhdr Warning: \headheight is too small (12.0pt): 
(fancyhdr)                Make it at least 13.83772pt, for example:
(fancyhdr)                \setlength{\headheight}{13.83772pt}.
(fancyhdr)                You might also make \topmargin smaller:
(fancyhdr)                \addtolength{\topmargin}{-1.83772pt}.

[120]


Package fancyhdr Warning: \headheight is too small (12.0pt): 
(fancyhdr)                Make it at least 13.83772pt, for example:
(fancyhdr)                \setlength{\headheight}{13.83772pt}.
(fancyhdr)                You might also make \topmargin smaller:
(fancyhdr)                \addtolength{\topmargin}{-1.83772pt}.

[121]


Package fancyhdr Warning: \headheight is too small (12.0pt): 
(fancyhdr)                Make it at least 13.83772pt, for example:
(fancyhdr)                \setlength{\headheight}{13.83772pt}.
(fancyhdr)                You might also make \topmargin smaller:
(fancyhdr)                \addtolength{\topmargin}{-1.83772pt}.

[122]
Overfull \hbox (1.49399pt too wide) in paragraph at lines 187--187
|[]\TU/TimesNewRoman(0)/b/n/12 Group 3 — Soft Prompts / Prefix-based Methods (P
hương pháp dựa trên Prompt
 []




Package fancyhdr Warning: \headheight is too small (12.0pt): 
(fancyhdr)                Make it at least 13.83772pt, for example:
(fancyhdr)                \setlength{\headheight}{13.83772pt}.
(fancyhdr)                You might also make \topmargin smaller:
(fancyhdr)                \addtolength{\topmargin}{-1.83772pt}.

[123]


Package fancyhdr Warning: \headheight is too small (12.0pt): 
(fancyhdr)                Make it at least 13.83772pt, for example:
(fancyhdr)                \setlength{\headheight}{13.83772pt}.
(fancyhdr)                You might also make \topmargin smaller:
(fancyhdr)                \addtolength{\topmargin}{-1.83772pt}.

[124]


Package fancyhdr Warning: \headheight is too small (12.0pt): 
(fancyhdr)                Make it at least 13.83772pt, for example:
(fancyhdr)                \setlength{\headheight}{13.83772pt}.
(fancyhdr)                You might also make \topmargin smaller:
(fancyhdr)                \addtolength{\topmargin}{-1.83772pt}.

[125]


Package fancyhdr Warning: \headheight is too small (12.0pt): 
(fancyhdr)                Make it at least 13.83772pt, for example:
(fancyhdr)                \setlength{\headheight}{13.83772pt}.
(fancyhdr)                You might also make \topmargin smaller:
(fancyhdr)                \addtolength{\topmargin}{-1.83772pt}.

[126]
Overfull \hbox (8.97859pt too wide) in paragraph at lines 427--429
\TU/TimesNewRoman(0)/m/n/10.95 Mặc dù năm nhóm phương pháp chính (Additive, Ada
pter-based, Soft Prompt, Selective, Reparametriza-
 []


Underfull \hbox (badness 10000) in paragraph at lines 481--481
[]|\TU/TimesNewRoman(0)/b/n/10.95 Tham số
 []


Underfull \hbox (badness 10000) in paragraph at lines 481--481
[]|\TU/TimesNewRoman(0)/b/n/10.95 Hiệu năng
 []


Underfull \hbox (badness 2035) in paragraph at lines 486--486
[]|\TU/TimesNewRoman(0)/m/n/10.95 Cực nhẹ; phù hợp API-based
 []


Underfull \hbox (badness 1776) in paragraph at lines 487--487
[]|\TU/TimesNewRoman(0)/m/n/10.95 Prompt đa tầng giúp thu hẹp
 []


Underfull \hbox (badness 2326) in paragraph at lines 489--489
[]|\TU/TimesNewRoman(0)/m/n/10.95 Hybrid (Adapter + Reparam);
 []


Underfull \hbox (badness 10000) in paragraph at lines 490--490
[]|\TU/TimesNewRoman(0)/m/n/10.95 phụ thuộc
 []


Overfull \hbox (53.864pt too wide) in paragraph at lines 479--492
 [][] 
 []


Underfull \vbox (badness 3601) has occurred while \output is active []




Package fancyhdr Warning: \headheight is too small (12.0pt): 
(fancyhdr)                Make it at least 13.83772pt, for example:
(fancyhdr)                \setlength{\headheight}{13.83772pt}.
(fancyhdr)                You might also make \topmargin smaller:
(fancyhdr)                \addtolength{\topmargin}{-1.83772pt}.

[127]
Overfull \hbox (1.32301pt too wide) in paragraph at lines 511--513
\TU/TimesNewRoman(0)/m/n/10.95 hình thế hệ PEFT tiếp theo — kết hợp được tính t
oán học (Reparam) và tính linh hoạt (Adapter/Prompt). 
 []




Package fancyhdr Warning: \headheight is too small (12.0pt): 
(fancyhdr)                Make it at least 13.83772pt, for example:
(fancyhdr)                \setlength{\headheight}{13.83772pt}.
(fancyhdr)                You might also make \topmargin smaller:
(fancyhdr)                \addtolength{\topmargin}{-1.83772pt}.

[128]) (part1/chapters_part5/chap5_3.tex


Package fancyhdr Warning: \headheight is too small (12.0pt): 
(fancyhdr)                Make it at least 13.83772pt, for example:
(fancyhdr)                \setlength{\headheight}{13.83772pt}.
(fancyhdr)                You might also make \topmargin smaller:
(fancyhdr)                \addtolength{\topmargin}{-1.83772pt}.

[129]
Underfull \hbox (badness 10000) in paragraph at lines 56--65

 []


Underfull \hbox (badness 10000) in paragraph at lines 56--65

 []




Package fancyhdr Warning: \headheight is too small (12.0pt): 
(fancyhdr)                Make it at least 13.83772pt, for example:
(fancyhdr)                \setlength{\headheight}{13.83772pt}.
(fancyhdr)                You might also make \topmargin smaller:
(fancyhdr)                \addtolength{\topmargin}{-1.83772pt}.

[130]


Package fancyhdr Warning: \headheight is too small (12.0pt): 
(fancyhdr)                Make it at least 13.83772pt, for example:
(fancyhdr)                \setlength{\headheight}{13.83772pt}.
(fancyhdr)                You might also make \topmargin smaller:
(fancyhdr)                \addtolength{\topmargin}{-1.83772pt}.

[131]) (part1/chapters_part5/chap5_4.tex


Package fancyhdr Warning: \headheight is too small (12.0pt): 
(fancyhdr)                Make it at least 13.83772pt, for example:
(fancyhdr)                \setlength{\headheight}{13.83772pt}.
(fancyhdr)                You might also make \topmargin smaller:
(fancyhdr)                \addtolength{\topmargin}{-1.83772pt}.

[132]


Package fancyhdr Warning: \headheight is too small (12.0pt): 
(fancyhdr)                Make it at least 13.83772pt, for example:
(fancyhdr)                \setlength{\headheight}{13.83772pt}.
(fancyhdr)                You might also make \topmargin smaller:
(fancyhdr)                \addtolength{\topmargin}{-1.83772pt}.

[133]


Package fancyhdr Warning: \headheight is too small (12.0pt): 
(fancyhdr)                Make it at least 13.83772pt, for example:
(fancyhdr)                \setlength{\headheight}{13.83772pt}.
(fancyhdr)                You might also make \topmargin smaller:
(fancyhdr)                \addtolength{\topmargin}{-1.83772pt}.

[134]) (part1/chapters_part5/chap5_5.tex
File: images/rlhf_pipeline.png Graphic file (type bmp)
<images/rlhf_pipeline.png>


Package caption Warning: The option `hypcap=true' will be ignored for this
(caption)                particular \caption on input line 36.
See the caption package documentation for explanation.




Package fancyhdr Warning: \headheight is too small (12.0pt): 
(fancyhdr)                Make it at least 13.83772pt, for example:
(fancyhdr)                \setlength{\headheight}{13.83772pt}.
(fancyhdr)                You might also make \topmargin smaller:
(fancyhdr)                \addtolength{\topmargin}{-1.83772pt}.

[135]


Package fancyhdr Warning: \headheight is too small (12.0pt): 
(fancyhdr)                Make it at least 13.83772pt, for example:
(fancyhdr)                \setlength{\headheight}{13.83772pt}.
(fancyhdr)                You might also make \topmargin smaller:
(fancyhdr)                \addtolength{\topmargin}{-1.83772pt}.

[136]


Package fancyhdr Warning: \headheight is too small (12.0pt): 
(fancyhdr)                Make it at least 13.83772pt, for example:
(fancyhdr)                \setlength{\headheight}{13.83772pt}.
(fancyhdr)                You might also make \topmargin smaller:
(fancyhdr)                \addtolength{\topmargin}{-1.83772pt}.

[137]


Package fancyhdr Warning: \headheight is too small (12.0pt): 
(fancyhdr)                Make it at least 13.83772pt, for example:
(fancyhdr)                \setlength{\headheight}{13.83772pt}.
(fancyhdr)                You might also make \topmargin smaller:
(fancyhdr)                \addtolength{\topmargin}{-1.83772pt}.

[138]


Package fancyhdr Warning: \headheight is too small (12.0pt): 
(fancyhdr)                Make it at least 13.83772pt, for example:
(fancyhdr)                \setlength{\headheight}{13.83772pt}.
(fancyhdr)                You might also make \topmargin smaller:
(fancyhdr)                \addtolength{\topmargin}{-1.83772pt}.

[139]


Package fancyhdr Warning: \headheight is too small (12.0pt): 
(fancyhdr)                Make it at least 13.83772pt, for example:
(fancyhdr)                \setlength{\headheight}{13.83772pt}.
(fancyhdr)                You might also make \topmargin smaller:
(fancyhdr)                \addtolength{\topmargin}{-1.83772pt}.

[140]) (part1/chapters_part6/intro.tex


Package fancyhdr Warning: \headheight is too small (12.0pt): 
(fancyhdr)                Make it at least 13.83772pt, for example:
(fancyhdr)                \setlength{\headheight}{13.83772pt}.
(fancyhdr)                You might also make \topmargin smaller:
(fancyhdr)                \addtolength{\topmargin}{-1.83772pt}.

[141]


Package fancyhdr Warning: \headheight is too small (12.0pt): 
(fancyhdr)                Make it at least 13.83772pt, for example:
(fancyhdr)                \setlength{\headheight}{13.83772pt}.
(fancyhdr)                You might also make \topmargin smaller:
(fancyhdr)                \addtolength{\topmargin}{-1.83772pt}.

[142

]
Chương 6.

Overfull \hbox (21.02606pt too wide) in paragraph at lines 1--1
|\TU/TimesNewRoman(0)/b/n/20.74 TÌM KIẾM VÀ SINH TĂNG CƯỜNG (RAG) TOÀN
 []

) (part1/chapters_part6/chap6_1.tex

[143]


Package fancyhdr Warning: \headheight is too small (12.0pt): 
(fancyhdr)                Make it at least 13.83772pt, for example:
(fancyhdr)                \setlength{\headheight}{13.83772pt}.
(fancyhdr)                You might also make \topmargin smaller:
(fancyhdr)                \addtolength{\topmargin}{-1.83772pt}.

[144]
File: images/rag_pipeline_diagram.png Graphic file (type bmp)
<images/rag_pipeline_diagram.png>


Package caption Warning: The option `hypcap=true' will be ignored for this
(caption)                particular \caption on input line 70.
See the caption package documentation for explanation.




Package fancyhdr Warning: \headheight is too small (12.0pt): 
(fancyhdr)                Make it at least 13.83772pt, for example:
(fancyhdr)                \setlength{\headheight}{13.83772pt}.
(fancyhdr)                You might also make \topmargin smaller:
(fancyhdr)                \addtolength{\topmargin}{-1.83772pt}.

[145]) (part1/chapters_part6/chap6_2.tex


Package fancyhdr Warning: \headheight is too small (12.0pt): 
(fancyhdr)                Make it at least 13.83772pt, for example:
(fancyhdr)                \setlength{\headheight}{13.83772pt}.
(fancyhdr)                You might also make \topmargin smaller:
(fancyhdr)                \addtolength{\topmargin}{-1.83772pt}.

[146]


Package fancyhdr Warning: \headheight is too small (12.0pt): 
(fancyhdr)                Make it at least 13.83772pt, for example:
(fancyhdr)                \setlength{\headheight}{13.83772pt}.
(fancyhdr)                You might also make \topmargin smaller:
(fancyhdr)                \addtolength{\topmargin}{-1.83772pt}.

[147]) (part1/chapters_part6/chap6_3.tex


Package fancyhdr Warning: \headheight is too small (12.0pt): 
(fancyhdr)                Make it at least 13.83772pt, for example:
(fancyhdr)                \setlength{\headheight}{13.83772pt}.
(fancyhdr)                You might also make \topmargin smaller:
(fancyhdr)                \addtolength{\topmargin}{-1.83772pt}.

[148]


Package fancyhdr Warning: \headheight is too small (12.0pt): 
(fancyhdr)                Make it at least 13.83772pt, for example:
(fancyhdr)                \setlength{\headheight}{13.83772pt}.
(fancyhdr)                You might also make \topmargin smaller:
(fancyhdr)                \addtolength{\topmargin}{-1.83772pt}.

[149]


Package fancyhdr Warning: \headheight is too small (12.0pt): 
(fancyhdr)                Make it at least 13.83772pt, for example:
(fancyhdr)                \setlength{\headheight}{13.83772pt}.
(fancyhdr)                You might also make \topmargin smaller:
(fancyhdr)                \addtolength{\topmargin}{-1.83772pt}.

[150]
Overfull \hbox (5.12056pt too wide) in paragraph at lines 126--128
[]\TU/TimesNewRoman(0)/b/n/10.95 Học Phân cấp (Hierarchical RL): \TU/TimesNewRo
man(0)/m/n/10.95 Sử dụng một kiến trúc RL đa tầng. Một ”meta-agent”cấp
 []




Package fancyhdr Warning: \headheight is too small (12.0pt): 
(fancyhdr)                Make it at least 13.83772pt, for example:
(fancyhdr)                \setlength{\headheight}{13.83772pt}.
(fancyhdr)                You might also make \topmargin smaller:
(fancyhdr)                \addtolength{\topmargin}{-1.83772pt}.

[151]


Package fancyhdr Warning: \headheight is too small (12.0pt): 
(fancyhdr)                Make it at least 13.83772pt, for example:
(fancyhdr)                \setlength{\headheight}{13.83772pt}.
(fancyhdr)                You might also make \topmargin smaller:
(fancyhdr)                \addtolength{\topmargin}{-1.83772pt}.

[152]


Package fancyhdr Warning: \headheight is too small (12.0pt): 
(fancyhdr)                Make it at least 13.83772pt, for example:
(fancyhdr)                \setlength{\headheight}{13.83772pt}.
(fancyhdr)                You might also make \topmargin smaller:
(fancyhdr)                \addtolength{\topmargin}{-1.83772pt}.

[153]


Package fancyhdr Warning: \headheight is too small (12.0pt): 
(fancyhdr)                Make it at least 13.83772pt, for example:
(fancyhdr)                \setlength{\headheight}{13.83772pt}.
(fancyhdr)                You might also make \topmargin smaller:
(fancyhdr)                \addtolength{\topmargin}{-1.83772pt}.

[154]


Package fancyhdr Warning: \headheight is too small (12.0pt): 
(fancyhdr)                Make it at least 13.83772pt, for example:
(fancyhdr)                \setlength{\headheight}{13.83772pt}.
(fancyhdr)                You might also make \topmargin smaller:
(fancyhdr)                \addtolength{\topmargin}{-1.83772pt}.

[155]


Package fancyhdr Warning: \headheight is too small (12.0pt): 
(fancyhdr)                Make it at least 13.83772pt, for example:
(fancyhdr)                \setlength{\headheight}{13.83772pt}.
(fancyhdr)                You might also make \topmargin smaller:
(fancyhdr)                \addtolength{\topmargin}{-1.83772pt}.

[156]
Overfull \hbox (3.74866pt too wide) in paragraph at lines 406--410
[]\TU/TimesNewRoman(0)/b/n/10.95 Multilingual Language Models \TU/TimesNewRoman
(0)/m/n/10.95 Huấn luyện mô hình ngôn ngữ đa ngôn ngữ trực tiếp: - \TU/TimesNew
Roman(0)/b/n/10.95 mBERT\TU/TimesNewRoman(0)/m/n/10.95 ,
 []




Package fancyhdr Warning: \headheight is too small (12.0pt): 
(fancyhdr)                Make it at least 13.83772pt, for example:
(fancyhdr)                \setlength{\headheight}{13.83772pt}.
(fancyhdr)                You might also make \topmargin smaller:
(fancyhdr)                \addtolength{\topmargin}{-1.83772pt}.

[157]
Overfull \hbox (9.76819pt too wide) in paragraph at lines 449--450
[]\TU/TimesNewRoman(0)/b/n/10.95 Vòng lặp Phản hồi (Feedback Loop): \TU/TimesNe
wRoman(0)/m/n/10.95 Thu thập phản hồi từ người dùng (ví dụ: nút ”thích”/”không
 []

) (part1/chapters_part7/intro.tex


Package fancyhdr Warning: \headheight is too small (12.0pt): 
(fancyhdr)                Make it at least 13.83772pt, for example:
(fancyhdr)                \setlength{\headheight}{13.83772pt}.
(fancyhdr)                You might also make \topmargin smaller:
(fancyhdr)                \addtolength{\topmargin}{-1.83772pt}.

[158]
Chương 7.
) (part1/chapters_part7/chap7_1.tex

[159

]


Package fancyhdr Warning: \headheight is too small (12.0pt): 
(fancyhdr)                Make it at least 13.83772pt, for example:
(fancyhdr)                \setlength{\headheight}{13.83772pt}.
(fancyhdr)                You might also make \topmargin smaller:
(fancyhdr)                \addtolength{\topmargin}{-1.83772pt}.

[160]
File: images/knowledge_distillation.png Graphic file (type bmp)
<images/knowledge_distillation.png>


Package caption Warning: The option `hypcap=true' will be ignored for this
(caption)                particular \caption on input line 71.
See the caption package documentation for explanation.




Package fancyhdr Warning: \headheight is too small (12.0pt): 
(fancyhdr)                Make it at least 13.83772pt, for example:
(fancyhdr)                \setlength{\headheight}{13.83772pt}.
(fancyhdr)                You might also make \topmargin smaller:
(fancyhdr)                \addtolength{\topmargin}{-1.83772pt}.

[161]


Package fancyhdr Warning: \headheight is too small (12.0pt): 
(fancyhdr)                Make it at least 13.83772pt, for example:
(fancyhdr)                \setlength{\headheight}{13.83772pt}.
(fancyhdr)                You might also make \topmargin smaller:
(fancyhdr)                \addtolength{\topmargin}{-1.83772pt}.

[162]


Package fancyhdr Warning: \headheight is too small (12.0pt): 
(fancyhdr)                Make it at least 13.83772pt, for example:
(fancyhdr)                \setlength{\headheight}{13.83772pt}.
(fancyhdr)                You might also make \topmargin smaller:
(fancyhdr)                \addtolength{\topmargin}{-1.83772pt}.

[163]
File: images/pruning_types.png Graphic file (type bmp)
<images/pruning_types.png>


Package caption Warning: The option `hypcap=true' will be ignored for this
(caption)                particular \caption on input line 212.
See the caption package documentation for explanation.




Package fancyhdr Warning: \headheight is too small (12.0pt): 
(fancyhdr)                Make it at least 13.83772pt, for example:
(fancyhdr)                \setlength{\headheight}{13.83772pt}.
(fancyhdr)                You might also make \topmargin smaller:
(fancyhdr)                \addtolength{\topmargin}{-1.83772pt}.

[164]) (part1/chapters_part7/chap7_2.tex


Package fancyhdr Warning: \headheight is too small (12.0pt): 
(fancyhdr)                Make it at least 13.83772pt, for example:
(fancyhdr)                \setlength{\headheight}{13.83772pt}.
(fancyhdr)                You might also make \topmargin smaller:
(fancyhdr)                \addtolength{\topmargin}{-1.83772pt}.

[165]
File: images/vision_transformer_vit.png Graphic file (type bmp)
<images/vision_transformer_vit.png>


Package caption Warning: The option `hypcap=true' will be ignored for this
(caption)                particular \caption on input line 40.
See the caption package documentation for explanation.


LaTeX Warning: Reference `sec:siamese_networks' on page 166 undefined on input 
line 51.




Package fancyhdr Warning: \headheight is too small (12.0pt): 
(fancyhdr)                Make it at least 13.83772pt, for example:
(fancyhdr)                \setlength{\headheight}{13.83772pt}.
(fancyhdr)                You might also make \topmargin smaller:
(fancyhdr)                \addtolength{\topmargin}{-1.83772pt}.

[166]
File: images/clip_contrastive_learning.png Graphic file (type bmp)
<images/clip_contrastive_learning.png>


Package caption Warning: The option `hypcap=true' will be ignored for this
(caption)                particular \caption on input line 74.
See the caption package documentation for explanation.




Package fancyhdr Warning: \headheight is too small (12.0pt): 
(fancyhdr)                Make it at least 13.83772pt, for example:
(fancyhdr)                \setlength{\headheight}{13.83772pt}.
(fancyhdr)                You might also make \topmargin smaller:
(fancyhdr)                \addtolength{\topmargin}{-1.83772pt}.

[167]


Package fancyhdr Warning: \headheight is too small (12.0pt): 
(fancyhdr)                Make it at least 13.83772pt, for example:
(fancyhdr)                \setlength{\headheight}{13.83772pt}.
(fancyhdr)                You might also make \topmargin smaller:
(fancyhdr)                \addtolength{\topmargin}{-1.83772pt}.

[168]
File: images/text_to_image_diffusion.jpg Graphic file (type bmp)
<images/text_to_image_diffusion.jpg>


Package caption Warning: The option `hypcap=true' will be ignored for this
(caption)                particular \caption on input line 131.
See the caption package documentation for explanation.




Package fancyhdr Warning: \headheight is too small (12.0pt): 
(fancyhdr)                Make it at least 13.83772pt, for example:
(fancyhdr)                \setlength{\headheight}{13.83772pt}.
(fancyhdr)                You might also make \topmargin smaller:
(fancyhdr)                \addtolength{\topmargin}{-1.83772pt}.

[169]
Overfull \hbox (0.7919pt too wide) in paragraph at lines 162--163
[]\TU/TimesNewRoman(0)/m/n/10.95 Ví dụ: \TU/CourierNew(0)/m/n/10.95 Reviews Rat
ing: 5.0 The product was ... \TU/TimesNewRoman(0)/m/n/10.95 để mô hình sinh tiế
p một đánh
 []




Package fancyhdr Warning: \headheight is too small (12.0pt): 
(fancyhdr)                Make it at least 13.83772pt, for example:
(fancyhdr)                \setlength{\headheight}{13.83772pt}.
(fancyhdr)                You might also make \topmargin smaller:
(fancyhdr)                \addtolength{\topmargin}{-1.83772pt}.

[170]


Package fancyhdr Warning: \headheight is too small (12.0pt): 
(fancyhdr)                Make it at least 13.83772pt, for example:
(fancyhdr)                \setlength{\headheight}{13.83772pt}.
(fancyhdr)                You might also make \topmargin smaller:
(fancyhdr)                \addtolength{\topmargin}{-1.83772pt}.

[171]) (part1/chapters_part7/chap7_3.tex


Package fancyhdr Warning: \headheight is too small (12.0pt): 
(fancyhdr)                Make it at least 13.83772pt, for example:
(fancyhdr)                \setlength{\headheight}{13.83772pt}.
(fancyhdr)                You might also make \topmargin smaller:
(fancyhdr)                \addtolength{\topmargin}{-1.83772pt}.

[172]


Package fancyhdr Warning: \headheight is too small (12.0pt): 
(fancyhdr)                Make it at least 13.83772pt, for example:
(fancyhdr)                \setlength{\headheight}{13.83772pt}.
(fancyhdr)                You might also make \topmargin smaller:
(fancyhdr)                \addtolength{\topmargin}{-1.83772pt}.

[173]) (part1/chapters_part7/chap7_4.tex


Package fancyhdr Warning: \headheight is too small (12.0pt): 
(fancyhdr)                Make it at least 13.83772pt, for example:
(fancyhdr)                \setlength{\headheight}{13.83772pt}.
(fancyhdr)                You might also make \topmargin smaller:
(fancyhdr)                \addtolength{\topmargin}{-1.83772pt}.

[174]


Package fancyhdr Warning: \headheight is too small (12.0pt): 
(fancyhdr)                Make it at least 13.83772pt, for example:
(fancyhdr)                \setlength{\headheight}{13.83772pt}.
(fancyhdr)                You might also make \topmargin smaller:
(fancyhdr)                \addtolength{\topmargin}{-1.83772pt}.

[175]
File: images/othello_gpt.png Graphic file (type bmp)
<images/othello_gpt.png>


Package caption Warning: The option `hypcap=true' will be ignored for this
(caption)                particular \caption on input line 47.
See the caption package documentation for explanation.




Package fancyhdr Warning: \headheight is too small (12.0pt): 
(fancyhdr)                Make it at least 13.83772pt, for example:
(fancyhdr)                \setlength{\headheight}{13.83772pt}.
(fancyhdr)                You might also make \topmargin smaller:
(fancyhdr)                \addtolength{\topmargin}{-1.83772pt}.

[176]) (part1/chapters_part9/intro.tex


Package fancyhdr Warning: \headheight is too small (12.0pt): 
(fancyhdr)                Make it at least 13.83772pt, for example:
(fancyhdr)                \setlength{\headheight}{13.83772pt}.
(fancyhdr)                You might also make \topmargin smaller:
(fancyhdr)                \addtolength{\topmargin}{-1.83772pt}.

[177]


Package fancyhdr Warning: \headheight is too small (12.0pt): 
(fancyhdr)                Make it at least 13.83772pt, for example:
(fancyhdr)                \setlength{\headheight}{13.83772pt}.
(fancyhdr)                You might also make \topmargin smaller:
(fancyhdr)                \addtolength{\topmargin}{-1.83772pt}.

[178

]
Chương 8.

Overfull \hbox (10.66454pt too wide) in paragraph at lines 1--1
|\TU/TimesNewRoman(0)/b/n/20.74 LÝ THUYẾT ĐÁNH GIÁ VÀ CÁC BENCHMARK| 
 []

) (part1/chapters_part9/chap9_1.tex

[179]
File: images/confusion_matrix.png Graphic file (type bmp)
<images/confusion_matrix.png>


Package caption Warning: The option `hypcap=true' will be ignored for this
(caption)                particular \caption on input line 44.
See the caption package documentation for explanation.




Package fancyhdr Warning: \headheight is too small (12.0pt): 
(fancyhdr)                Make it at least 13.83772pt, for example:
(fancyhdr)                \setlength{\headheight}{13.83772pt}.
(fancyhdr)                You might also make \topmargin smaller:
(fancyhdr)                \addtolength{\topmargin}{-1.83772pt}.

[180]) (part1/chapters_part9/chap9_2.tex


Package fancyhdr Warning: \headheight is too small (12.0pt): 
(fancyhdr)                Make it at least 13.83772pt, for example:
(fancyhdr)                \setlength{\headheight}{13.83772pt}.
(fancyhdr)                You might also make \topmargin smaller:
(fancyhdr)                \addtolength{\topmargin}{-1.83772pt}.

[181]


Package fancyhdr Warning: \headheight is too small (12.0pt): 
(fancyhdr)                Make it at least 13.83772pt, for example:
(fancyhdr)                \setlength{\headheight}{13.83772pt}.
(fancyhdr)                You might also make \topmargin smaller:
(fancyhdr)                \addtolength{\topmargin}{-1.83772pt}.

[182]
Overfull \hbox (5.18335pt too wide) in paragraph at lines 61--62
[]\TU/TimesNewRoman(0)/b/n/10.95 Tác động: \TU/TimesNewRoman(0)/m/n/10.95 Big-B
ench đã giúp các nhà nghiên cứu xác định được các ”khả năng nổi trội”(emergent
 []

File: images/llm_benchmarks_timeline.png Graphic file (type bmp)
<images/llm_benchmarks_timeline.png>

Package caption Warning: The option `hypcap=true' will be ignored for this
(caption)                particular \caption on input line 74.
See the caption package documentation for explanation.


Underfull \vbox (badness 10000) has occurred while \output is active []




Package fancyhdr Warning: \headheight is too small (12.0pt): 
(fancyhdr)                Make it at least 13.83772pt, for example:
(fancyhdr)                \setlength{\headheight}{13.83772pt}.
(fancyhdr)                You might also make \topmargin smaller:
(fancyhdr)                \addtolength{\topmargin}{-1.83772pt}.

[183]) (part1/chapters_part9/chap9_3.tex


Package fancyhdr Warning: \headheight is too small (12.0pt): 
(fancyhdr)                Make it at least 13.83772pt, for example:
(fancyhdr)                \setlength{\headheight}{13.83772pt}.
(fancyhdr)                You might also make \topmargin smaller:
(fancyhdr)                \addtolength{\topmargin}{-1.83772pt}.

[184]


Package fancyhdr Warning: \headheight is too small (12.0pt): 
(fancyhdr)                Make it at least 13.83772pt, for example:
(fancyhdr)                \setlength{\headheight}{13.83772pt}.
(fancyhdr)                You might also make \topmargin smaller:
(fancyhdr)                \addtolength{\topmargin}{-1.83772pt}.

[185]) (part1/chapters_part9/chap9_4.tex
Underfull \vbox (badness 3724) has occurred while \output is active []




Package fancyhdr Warning: \headheight is too small (12.0pt): 
(fancyhdr)                Make it at least 13.83772pt, for example:
(fancyhdr)                \setlength{\headheight}{13.83772pt}.
(fancyhdr)                You might also make \topmargin smaller:
(fancyhdr)                \addtolength{\topmargin}{-1.83772pt}.

[186]
Overfull \hbox (39.76082pt too wide) in paragraph at lines 45--45
 []          \TU/CourierNew(0)/m/n/10.95 "reasoning": "Câu trả lời mạch lạc và 
trung thực nhưng ..."[] 
 []




Package fancyhdr Warning: \headheight is too small (12.0pt): 
(fancyhdr)                Make it at least 13.83772pt, for example:
(fancyhdr)                \setlength{\headheight}{13.83772pt}.
(fancyhdr)                You might also make \topmargin smaller:
(fancyhdr)                \addtolength{\topmargin}{-1.83772pt}.

[187]) (part1/ending.tex


Package fancyhdr Warning: \headheight is too small (12.0pt): 
(fancyhdr)                Make it at least 13.83772pt, for example:
(fancyhdr)                \setlength{\headheight}{13.83772pt}.
(fancyhdr)                You might also make \topmargin smaller:
(fancyhdr)                \addtolength{\topmargin}{-1.83772pt}.

[188]) (part2/intro.tex

[189

]


Package fancyhdr Warning: \headheight is too small (12.0pt): 
(fancyhdr)                Make it at least 13.83772pt, for example:
(fancyhdr)                \setlength{\headheight}{13.83772pt}.
(fancyhdr)                You might also make \topmargin smaller:
(fancyhdr)                \addtolength{\topmargin}{-1.83772pt}.

[190

]

[191]

[192]) (part2/chapters_part1/intro.tex


Package fancyhdr Warning: \headheight is too small (12.0pt): 
(fancyhdr)                Make it at least 13.59999pt, for example:
(fancyhdr)                \setlength{\headheight}{13.59999pt}.
(fancyhdr)                You might also make \topmargin smaller:
(fancyhdr)                \addtolength{\topmargin}{-1.59999pt}.

[193]


Package fancyhdr Warning: \headheight is too small (12.0pt): 
(fancyhdr)                Make it at least 13.59999pt, for example:
(fancyhdr)                \setlength{\headheight}{13.59999pt}.
(fancyhdr)                You might also make \topmargin smaller:
(fancyhdr)                \addtolength{\topmargin}{-1.59999pt}.

[194

]
Chương 1.
) (part2/chapters_part1/chap1_1.tex
File: images/nlp_workflow_cycle.png Graphic file (type bmp)
<images/nlp_workflow_cycle.png>


Package caption Warning: The option `hypcap=true' will be ignored for this
(caption)                particular \caption on input line 16.
See the caption package documentation for explanation.


Underfull \vbox (badness 10000) has occurred while \output is active []



[195]


Package fancyhdr Warning: \headheight is too small (12.0pt): 
(fancyhdr)                Make it at least 13.83772pt, for example:
(fancyhdr)                \setlength{\headheight}{13.83772pt}.
(fancyhdr)                You might also make \topmargin smaller:
(fancyhdr)                \addtolength{\topmargin}{-1.83772pt}.

[196]


Package fancyhdr Warning: \headheight is too small (12.0pt): 
(fancyhdr)                Make it at least 13.83772pt, for example:
(fancyhdr)                \setlength{\headheight}{13.83772pt}.
(fancyhdr)                You might also make \topmargin smaller:
(fancyhdr)                \addtolength{\topmargin}{-1.83772pt}.

[197]) (part2/chapters_part1/chap1_2.tex
\pydata@fh@0=\write7
\openout7 = `_FAD58DE7366495DB4650CFEFAC2FCD61.data.minted'.

runsystem(latexminted config  --timestamp 20251103163430 FAD58DE7366495DB4650CF
EFAC2FCD61)...executed.


(_FAD58DE7366495DB4650CFEFAC2FCD61.config.minted)
runsystem(latexminted cleanconfig  --timestamp 20251103163430 FAD58DE7366495DB4
650CFEFAC2FCD61)...executed.

 (_minted/default.style.minted) (_minted/3C24EB2CD92355858FC2FDA48CCFB6C1.highl
ight.minted)


Package fancyhdr Warning: \headheight is too small (12.0pt): 
(fancyhdr)                Make it at least 13.83772pt, for example:
(fancyhdr)                \setlength{\headheight}{13.83772pt}.
(fancyhdr)                You might also make \topmargin smaller:
(fancyhdr)                \addtolength{\topmargin}{-1.83772pt}.

[198]


Package fancyhdr Warning: \headheight is too small (12.0pt): 
(fancyhdr)                Make it at least 13.83772pt, for example:
(fancyhdr)                \setlength{\headheight}{13.83772pt}.
(fancyhdr)                You might also make \topmargin smaller:
(fancyhdr)                \addtolength{\topmargin}{-1.83772pt}.

[199] (_minted/127EBDBB6BF0D323A2F1BB15C89919D4.highlight.minted)


Package fancyhdr Warning: \headheight is too small (12.0pt): 
(fancyhdr)                Make it at least 13.83772pt, for example:
(fancyhdr)                \setlength{\headheight}{13.83772pt}.
(fancyhdr)                You might also make \topmargin smaller:
(fancyhdr)                \addtolength{\topmargin}{-1.83772pt}.

[200]) (part2/chapters_part1/chap1_3.tex


Package fancyhdr Warning: \headheight is too small (12.0pt): 
(fancyhdr)                Make it at least 13.83772pt, for example:
(fancyhdr)                \setlength{\headheight}{13.83772pt}.
(fancyhdr)                You might also make \topmargin smaller:
(fancyhdr)                \addtolength{\topmargin}{-1.83772pt}.

[201]
File: images/label_studio_ner.png Graphic file (type bmp)
<images/label_studio_ner.png>


Package caption Warning: The option `hypcap=true' will be ignored for this
(caption)                particular \caption on input line 61.
See the caption package documentation for explanation.




Package fancyhdr Warning: \headheight is too small (12.0pt): 
(fancyhdr)                Make it at least 13.83772pt, for example:
(fancyhdr)                \setlength{\headheight}{13.83772pt}.
(fancyhdr)                You might also make \topmargin smaller:
(fancyhdr)                \addtolength{\topmargin}{-1.83772pt}.

[202]
Overfull \hbox (13.74063pt too wide) in paragraph at lines 98--99
[]\TU/TimesNewRoman(0)/b/n/10.95 SMOTE (Synthetic Minority Over-sampling Techni
que): \TU/TimesNewRoman(0)/m/n/10.95 Một kỹ thuật over-sampling
 []

) (part2/chapters_part1/chap1_4.tex
Underfull \vbox (badness 4193) has occurred while \output is active []




Package fancyhdr Warning: \headheight is too small (12.0pt): 
(fancyhdr)                Make it at least 13.83772pt, for example:
(fancyhdr)                \setlength{\headheight}{13.83772pt}.
(fancyhdr)                You might also make \topmargin smaller:
(fancyhdr)                \addtolength{\topmargin}{-1.83772pt}.

[203]


Package fancyhdr Warning: \headheight is too small (12.0pt): 
(fancyhdr)                Make it at least 13.83772pt, for example:
(fancyhdr)                \setlength{\headheight}{13.83772pt}.
(fancyhdr)                You might also make \topmargin smaller:
(fancyhdr)                \addtolength{\topmargin}{-1.83772pt}.

[204]


Package fancyhdr Warning: \headheight is too small (12.0pt): 
(fancyhdr)                Make it at least 13.83772pt, for example:
(fancyhdr)                \setlength{\headheight}{13.83772pt}.
(fancyhdr)                You might also make \topmargin smaller:
(fancyhdr)                \addtolength{\topmargin}{-1.83772pt}.

[205]) (part2/chapters_part1/chap1_5.tex


Package fancyhdr Warning: \headheight is too small (12.0pt): 
(fancyhdr)                Make it at least 13.83772pt, for example:
(fancyhdr)                \setlength{\headheight}{13.83772pt}.
(fancyhdr)                You might also make \topmargin smaller:
(fancyhdr)                \addtolength{\topmargin}{-1.83772pt}.

[206]
File: images/dvc_workflowpng.png Graphic file (type bmp)
<images/dvc_workflowpng.png>


Package caption Warning: The option `hypcap=true' will be ignored for this
(caption)                particular \caption on input line 64.
See the caption package documentation for explanation.


Underfull \vbox (badness 10000) has occurred while \output is active []




Package fancyhdr Warning: \headheight is too small (12.0pt): 
(fancyhdr)                Make it at least 13.83772pt, for example:
(fancyhdr)                \setlength{\headheight}{13.83772pt}.
(fancyhdr)                You might also make \topmargin smaller:
(fancyhdr)                \addtolength{\topmargin}{-1.83772pt}.

[207]


Package fancyhdr Warning: \headheight is too small (12.0pt): 
(fancyhdr)                Make it at least 13.83772pt, for example:
(fancyhdr)                \setlength{\headheight}{13.83772pt}.
(fancyhdr)                You might also make \topmargin smaller:
(fancyhdr)                \addtolength{\topmargin}{-1.83772pt}.

[208]) (part2/chapters_part2/intro.tex


Package fancyhdr Warning: \headheight is too small (12.0pt): 
(fancyhdr)                Make it at least 13.83772pt, for example:
(fancyhdr)                \setlength{\headheight}{13.83772pt}.
(fancyhdr)                You might also make \topmargin smaller:
(fancyhdr)                \addtolength{\topmargin}{-1.83772pt}.

[209]


Package fancyhdr Warning: \headheight is too small (12.0pt): 
(fancyhdr)                Make it at least 13.83772pt, for example:
(fancyhdr)                \setlength{\headheight}{13.83772pt}.
(fancyhdr)                You might also make \topmargin smaller:
(fancyhdr)                \addtolength{\topmargin}{-1.83772pt}.

[210

]
Chương 2.
) (part2/chapters_part2/chap2_1.tex
File: images/hf_ecosystem_logos.png Graphic file (type bmp)
<images/hf_ecosystem_logos.png>


Package caption Warning: The option `hypcap=true' will be ignored for this
(caption)                particular \caption on input line 9.
See the caption package documentation for explanation.

(_minted/16789700AA98A879BB80994B12D637A4.highlight.minted)

[211] (_minted/5242FDEE5B1AC44F6C5C920E6EA0E489.highlight.minted)
(_minted/79688CEBB13B5F2AA08555A6E7C1DC39.highlight.minted)
Underfull \vbox (badness 10000) has occurred while \output is active []




Package fancyhdr Warning: \headheight is too small (12.0pt): 
(fancyhdr)                Make it at least 13.83772pt, for example:
(fancyhdr)                \setlength{\headheight}{13.83772pt}.
(fancyhdr)                You might also make \topmargin smaller:
(fancyhdr)                \addtolength{\topmargin}{-1.83772pt}.

[212]


Package fancyhdr Warning: \headheight is too small (12.0pt): 
(fancyhdr)                Make it at least 13.83772pt, for example:
(fancyhdr)                \setlength{\headheight}{13.83772pt}.
(fancyhdr)                You might also make \topmargin smaller:
(fancyhdr)                \addtolength{\topmargin}{-1.83772pt}.

[213] (_minted/F7C27E6AD78699705B28C9F247BFEF82.highlight.minted))
(part2/chapters_part2/chap2_2.tex


Package fancyhdr Warning: \headheight is too small (12.0pt): 
(fancyhdr)                Make it at least 13.83772pt, for example:
(fancyhdr)                \setlength{\headheight}{13.83772pt}.
(fancyhdr)                You might also make \topmargin smaller:
(fancyhdr)                \addtolength{\topmargin}{-1.83772pt}.

[214] (_minted/86D726AFC2CEA750F751425E7F9A3261.highlight.minted)
Underfull \vbox (badness 10000) has occurred while \output is active []




Package fancyhdr Warning: \headheight is too small (12.0pt): 
(fancyhdr)                Make it at least 13.83772pt, for example:
(fancyhdr)                \setlength{\headheight}{13.83772pt}.
(fancyhdr)                You might also make \topmargin smaller:
(fancyhdr)                \addtolength{\topmargin}{-1.83772pt}.

[215] (_minted/86B77021D7E5FFFA623A082AA41C9DC6.highlight.minted)


Package fancyhdr Warning: \headheight is too small (12.0pt): 
(fancyhdr)                Make it at least 13.83772pt, for example:
(fancyhdr)                \setlength{\headheight}{13.83772pt}.
(fancyhdr)                You might also make \topmargin smaller:
(fancyhdr)                \addtolength{\topmargin}{-1.83772pt}.

[216]
Overfull \hbox (0.32509pt too wide) in paragraph at lines 123--125
[]\TU/TimesNewRoman(0)/b/n/10.95 Giải pháp: \TU/TimesNewRoman(0)/m/n/10.95 ‘Tra
iner‘ có một phương thức đặc biệt là ‘predict‘. Khi sử dụng ‘evaluation_strateg
y‘
 []

(_minted/0CB101BDCB6B4A986AD3AFEA985D8832.highlight.minted)


Package fancyhdr Warning: \headheight is too small (12.0pt): 
(fancyhdr)                Make it at least 13.83772pt, for example:
(fancyhdr)                \setlength{\headheight}{13.83772pt}.
(fancyhdr)                You might also make \topmargin smaller:
(fancyhdr)                \addtolength{\topmargin}{-1.83772pt}.

[217]) (part2/chapters_part2/chap2_3.tex
File: images/wandb_dashboard.png Graphic file (type bmp)
<images/wandb_dashboard.png>


Package caption Warning: The option `hypcap=true' will be ignored for this
(caption)                particular \caption on input line 32.
See the caption package documentation for explanation.


Underfull \vbox (badness 4621) has occurred while \output is active []




Package fancyhdr Warning: \headheight is too small (12.0pt): 
(fancyhdr)                Make it at least 13.83772pt, for example:
(fancyhdr)                \setlength{\headheight}{13.83772pt}.
(fancyhdr)                You might also make \topmargin smaller:
(fancyhdr)                \addtolength{\topmargin}{-1.83772pt}.

[218] (_minted/5613CBF8102DAA11BE12D7D3F02F86B9.highlight.minted)


Package fancyhdr Warning: \headheight is too small (12.0pt): 
(fancyhdr)                Make it at least 13.83772pt, for example:
(fancyhdr)                \setlength{\headheight}{13.83772pt}.
(fancyhdr)                You might also make \topmargin smaller:
(fancyhdr)                \addtolength{\topmargin}{-1.83772pt}.

[219]
Underfull \hbox (badness 5133) in paragraph at lines 110--110
[]|\TU/TimesNewRoman(0)/b/n/10.95 Mô hình: \TU/TimesNewRoman(0)/m/n/10.95 Chủ y
ếu là một dịch vụ
 []


Underfull \hbox (badness 3471) in paragraph at lines 110--111
[]|\TU/TimesNewRoman(0)/b/n/10.95 Mô hình: \TU/TimesNewRoman(0)/m/n/10.95 Hoàn 
toàn mã nguồn mở,
 []


Underfull \hbox (badness 1902) in paragraph at lines 115--116
[]|\TU/TimesNewRoman(0)/m/n/10.95 - Tích hợp chặt chẽ với hệ sinh thái
 []


Underfull \vbox (badness 10000) has occurred while \output is active []




Package fancyhdr Warning: \headheight is too small (12.0pt): 
(fancyhdr)                Make it at least 13.83772pt, for example:
(fancyhdr)                \setlength{\headheight}{13.83772pt}.
(fancyhdr)                You might also make \topmargin smaller:
(fancyhdr)                \addtolength{\topmargin}{-1.83772pt}.

[220]) (part2/chapters_part2/chap2_4.tex


Package fancyhdr Warning: \headheight is too small (12.0pt): 
(fancyhdr)                Make it at least 13.83772pt, for example:
(fancyhdr)                \setlength{\headheight}{13.83772pt}.
(fancyhdr)                You might also make \topmargin smaller:
(fancyhdr)                \addtolength{\topmargin}{-1.83772pt}.

[221]


Package fancyhdr Warning: \headheight is too small (12.0pt): 
(fancyhdr)                Make it at least 13.83772pt, for example:
(fancyhdr)                \setlength{\headheight}{13.83772pt}.
(fancyhdr)                You might also make \topmargin smaller:
(fancyhdr)                \addtolength{\topmargin}{-1.83772pt}.

[222]
File: images/deepspeed_zero.png Graphic file (type bmp)
<images/deepspeed_zero.png>


Package caption Warning: The option `hypcap=true' will be ignored for this
(caption)                particular \caption on input line 74.
See the caption package documentation for explanation.

(_minted/D4ECE98CBAD0962235CD18F4161E2F1B.highlight.minted)
Overfull \hbox (39.86182pt too wide) in paragraph at lines 92--93
[]\TU/TimesNewRoman(0)/b/n/10.95 Khởi chạy: \TU/TimesNewRoman(0)/m/n/10.95 Sử d
ụng ‘deepspeed your_script.py‘ hoặc ‘accelerate launch –use_deepspeed your_scri
pt.py‘
 []




Package fancyhdr Warning: \headheight is too small (12.0pt): 
(fancyhdr)                Make it at least 13.83772pt, for example:
(fancyhdr)                \setlength{\headheight}{13.83772pt}.
(fancyhdr)                You might also make \topmargin smaller:
(fancyhdr)                \addtolength{\topmargin}{-1.83772pt}.

[223]) (part2/chapters_part3/intro.tex


Package fancyhdr Warning: \headheight is too small (12.0pt): 
(fancyhdr)                Make it at least 13.83772pt, for example:
(fancyhdr)                \setlength{\headheight}{13.83772pt}.
(fancyhdr)                You might also make \topmargin smaller:
(fancyhdr)                \addtolength{\topmargin}{-1.83772pt}.

[224]
Chương 3.

Overfull \hbox (49.64821pt too wide) in paragraph at lines 3--3
|\TU/TimesNewRoman(0)/b/n/20.74 TỐI ƯU HÓA, TRIỂN KHAI VÀ VẬN HÀNH (MLOps)| 
 []

) (part2/chapters_part3/chap3_1.tex

LaTeX Warning: Reference `sec:rag' on page 225 undefined on input line 10.



[225

]) (part2/chapters_part3/chap3_2.tex
(_minted/6157E8377EA642FFC8021F9CF0B7335F.highlight.minted)


Package fancyhdr Warning: \headheight is too small (12.0pt): 
(fancyhdr)                Make it at least 13.83772pt, for example:
(fancyhdr)                \setlength{\headheight}{13.83772pt}.
(fancyhdr)                You might also make \topmargin smaller:
(fancyhdr)                \addtolength{\topmargin}{-1.83772pt}.

[226] (_minted/320557FD9DD6A776D58BEEABBF00B3D4.highlight.minted)


Package fancyhdr Warning: \headheight is too small (12.0pt): 
(fancyhdr)                Make it at least 13.83772pt, for example:
(fancyhdr)                \setlength{\headheight}{13.83772pt}.
(fancyhdr)                You might also make \topmargin smaller:
(fancyhdr)                \addtolength{\topmargin}{-1.83772pt}.

[227]) (part2/chapters_part3/chap3_3.tex
(_minted/9B3C61B9D213B097B8E5BAD12198EEDB.highlight.minted)


Package fancyhdr Warning: \headheight is too small (12.0pt): 
(fancyhdr)                Make it at least 13.83772pt, for example:
(fancyhdr)                \setlength{\headheight}{13.83772pt}.
(fancyhdr)                You might also make \topmargin smaller:
(fancyhdr)                \addtolength{\topmargin}{-1.83772pt}.

[228] (_minted/A33E1D05FC661082BC602F0CF4B3102C.highlight.minted)
Underfull \vbox (badness 10000) has occurred while \output is active []




Package fancyhdr Warning: \headheight is too small (12.0pt): 
(fancyhdr)                Make it at least 13.83772pt, for example:
(fancyhdr)                \setlength{\headheight}{13.83772pt}.
(fancyhdr)                You might also make \topmargin smaller:
(fancyhdr)                \addtolength{\topmargin}{-1.83772pt}.

[229]) (part2/chapters_part3/chap3_4.tex


Package fancyhdr Warning: \headheight is too small (12.0pt): 
(fancyhdr)                Make it at least 13.83772pt, for example:
(fancyhdr)                \setlength{\headheight}{13.83772pt}.
(fancyhdr)                You might also make \topmargin smaller:
(fancyhdr)                \addtolength{\topmargin}{-1.83772pt}.

[230]) (part2/chapters_part3/chap3_5.tex


Package fancyhdr Warning: \headheight is too small (12.0pt): 
(fancyhdr)                Make it at least 13.83772pt, for example:
(fancyhdr)                \setlength{\headheight}{13.83772pt}.
(fancyhdr)                You might also make \topmargin smaller:
(fancyhdr)                \addtolength{\topmargin}{-1.83772pt}.

[231]) (part2/chapters_part4/intro.tex


Package fancyhdr Warning: \headheight is too small (12.0pt): 
(fancyhdr)                Make it at least 13.83772pt, for example:
(fancyhdr)                \setlength{\headheight}{13.83772pt}.
(fancyhdr)                You might also make \topmargin smaller:
(fancyhdr)                \addtolength{\topmargin}{-1.83772pt}.

[232]
Chương 4.

Overfull \hbox (12.91435pt too wide) in paragraph at lines 3--3
|\TU/TimesNewRoman(0)/b/n/20.74 CÔNG THỨC XÂY DỰNG CÁC ỨNG DỤNG PHỔ
 []

) (part2/chapters_part4/chap4_1.tex
(_minted/91E7954712108129F824448607603817.highlight.minted)

[233

]) (part2/chapters_part4/chap4_2.tex


Package fancyhdr Warning: \headheight is too small (12.0pt): 
(fancyhdr)                Make it at least 13.83772pt, for example:
(fancyhdr)                \setlength{\headheight}{13.83772pt}.
(fancyhdr)                You might also make \topmargin smaller:
(fancyhdr)                \addtolength{\topmargin}{-1.83772pt}.

[234]
Overfull \hbox (1.56093pt too wide) in paragraph at lines 21--22
[]\TU/TimesNewRoman(0)/b/n/10.95 Xây dựng Chuỗi RAG (RAG Chain): \TU/TimesNewRo
man(0)/m/n/10.95 Kết nối Retriever và LLM qua một \TU/CourierNew(0)/m/n/10.95 P
romptTemplate\TU/TimesNewRoman(0)/m/n/10.95 . 
 []

(_minted/CA78B5049C844D00C06C8E533DCE6171.highlight.minted)
Underfull \vbox (badness 5050) has occurred while \output is active []




Package fancyhdr Warning: \headheight is too small (12.0pt): 
(fancyhdr)                Make it at least 13.83772pt, for example:
(fancyhdr)                \setlength{\headheight}{13.83772pt}.
(fancyhdr)                You might also make \topmargin smaller:
(fancyhdr)                \addtolength{\topmargin}{-1.83772pt}.

[235]) (part2/chapters_part4/chap4_3.tex
(_minted/E015579E1EA1B3215F083BF1D0CA4154.highlight.minted)


Package fancyhdr Warning: \headheight is too small (12.0pt): 
(fancyhdr)                Make it at least 13.83772pt, for example:
(fancyhdr)                \setlength{\headheight}{13.83772pt}.
(fancyhdr)                You might also make \topmargin smaller:
(fancyhdr)                \addtolength{\topmargin}{-1.83772pt}.

[236]
Underfull \vbox (badness 10000) has occurred while \output is active []




Package fancyhdr Warning: \headheight is too small (12.0pt): 
(fancyhdr)                Make it at least 13.83772pt, for example:
(fancyhdr)                \setlength{\headheight}{13.83772pt}.
(fancyhdr)                You might also make \topmargin smaller:
(fancyhdr)                \addtolength{\topmargin}{-1.83772pt}.

[237]) (part2/chapters_part4/chap4_4.tex


Package fancyhdr Warning: \headheight is too small (12.0pt): 
(fancyhdr)                Make it at least 13.83772pt, for example:
(fancyhdr)                \setlength{\headheight}{13.83772pt}.
(fancyhdr)                You might also make \topmargin smaller:
(fancyhdr)                \addtolength{\topmargin}{-1.83772pt}.

[238] (_minted/498805CED00F11F568BB81E990718020.highlight.minted)
Underfull \vbox (badness 5050) has occurred while \output is active []




Package fancyhdr Warning: \headheight is too small (12.0pt): 
(fancyhdr)                Make it at least 13.83772pt, for example:
(fancyhdr)                \setlength{\headheight}{13.83772pt}.
(fancyhdr)                You might also make \topmargin smaller:
(fancyhdr)                \addtolength{\topmargin}{-1.83772pt}.

[239]) (part2/chapters_part4/chap4_5.tex


Package fancyhdr Warning: \headheight is too small (12.0pt): 
(fancyhdr)                Make it at least 13.83772pt, for example:
(fancyhdr)                \setlength{\headheight}{13.83772pt}.
(fancyhdr)                You might also make \topmargin smaller:
(fancyhdr)                \addtolength{\topmargin}{-1.83772pt}.

[240] (_minted/C12414423BE72E29A08F1239599B41B9.highlight.minted)
Underfull \vbox (badness 5862) has occurred while \output is active []




Package fancyhdr Warning: \headheight is too small (12.0pt): 
(fancyhdr)                Make it at least 13.83772pt, for example:
(fancyhdr)                \setlength{\headheight}{13.83772pt}.
(fancyhdr)                You might also make \topmargin smaller:
(fancyhdr)                \addtolength{\topmargin}{-1.83772pt}.

[241]
Overfull \hbox (38.67014pt too wide) in paragraph at lines 74--74
[]\TU/CourierNew(0)/m/n/10.95 Thought: The user is asking about the LLaVA model
. I don[]t have detailed,[] 
 []


Overfull \hbox (38.67017pt too wide) in paragraph at lines 75--75
[]\TU/CourierNew(0)/m/n/10.95 up-to-the-minute information on specific models i
n my internal knowledge.[] 
 []


Overfull \hbox (5.81483pt too wide) in paragraph at lines 80--80
[]\TU/CourierNew(0)/m/n/10.95 multimodal model (LMM) created by researchers fro
m the University of[] 
 []


Overfull \hbox (64.9544pt too wide) in paragraph at lines 81--81
[]\TU/CourierNew(0)/m/n/10.95 Wisconsin-Madison, Microsoft Research, and Columb
ia University. It combines a[] 
 []


Overfull \hbox (12.38588pt too wide) in paragraph at lines 82--82
[]\TU/CourierNew(0)/m/n/10.95 vision encoder with a large language model (LLM) 
to enable multimodal[] 
 []


Overfull \hbox (71.5255pt too wide) in paragraph at lines 83--83
[]\TU/CourierNew(0)/m/n/10.95 chat capabilities, demonstrating impressive perfo
rmance on various benchmarks.[] 
 []


Overfull \hbox (45.2412pt too wide) in paragraph at lines 84--84
[]\TU/CourierNew(0)/m/n/10.95 Thought: I now have the main idea of the LLaVA mo
del. It combines a vision[] 
 []


Overfull \hbox (64.95442pt too wide) in paragraph at lines 85--85
[]\TU/CourierNew(0)/m/n/10.95 encoder and an LLM for multimodal chat. I can now
 formulate the final answer.[] 
 []


Overfull \hbox (38.67014pt too wide) in paragraph at lines 87--87
[]\TU/CourierNew(0)/m/n/10.95 Final Answer: The main idea behind the LLaVA mode
l is to combine a vision[] 
 []


Overfull \hbox (38.67014pt too wide) in paragraph at lines 88--88
[]\TU/CourierNew(0)/m/n/10.95 encoder with a large language model (LLM) to crea
te a powerful multimodal[] 
 []


Overfull \hbox (58.38333pt too wide) in paragraph at lines 89--89
[]\TU/CourierNew(0)/m/n/10.95 assistant capable of understanding and discussing
 images in a conversational[] 
 []

) (part2/chapters_part4/chap4_6.tex
(_minted/2741BCF49B4C014D215EF8245235728D.highlight.minted)


Package fancyhdr Warning: \headheight is too small (12.0pt): 
(fancyhdr)                Make it at least 13.83772pt, for example:
(fancyhdr)                \setlength{\headheight}{13.83772pt}.
(fancyhdr)                You might also make \topmargin smaller:
(fancyhdr)                \addtolength{\topmargin}{-1.83772pt}.

[242]
Underfull \vbox (badness 10000) has occurred while \output is active []




Package fancyhdr Warning: \headheight is too small (12.0pt): 
(fancyhdr)                Make it at least 13.83772pt, for example:
(fancyhdr)                \setlength{\headheight}{13.83772pt}.
(fancyhdr)                You might also make \topmargin smaller:
(fancyhdr)                \addtolength{\topmargin}{-1.83772pt}.

[243] (_minted/EEC46631BAE8338644B6AE37AD074039.highlight.minted))
(part2/ending.tex


Package fancyhdr Warning: \headheight is too small (12.0pt): 
(fancyhdr)                Make it at least 13.83772pt, for example:
(fancyhdr)                \setlength{\headheight}{13.83772pt}.
(fancyhdr)                You might also make \topmargin smaller:
(fancyhdr)                \addtolength{\topmargin}{-1.83772pt}.

[244]) (main.bbl

[245

]


Package fancyhdr Warning: \headheight is too small (12.0pt): 
(fancyhdr)                Make it at least 13.83772pt, for example:
(fancyhdr)                \setlength{\headheight}{13.83772pt}.
(fancyhdr)                You might also make \topmargin smaller:
(fancyhdr)                \addtolength{\topmargin}{-1.83772pt}.

[246

]

[247]


Package fancyhdr Warning: \headheight is too small (12.0pt): 
(fancyhdr)                Make it at least 13.83772pt, for example:
(fancyhdr)                \setlength{\headheight}{13.83772pt}.
(fancyhdr)                You might also make \topmargin smaller:
(fancyhdr)                \addtolength{\topmargin}{-1.83772pt}.

[248]


Package fancyhdr Warning: \headheight is too small (12.0pt): 
(fancyhdr)                Make it at least 13.83772pt, for example:
(fancyhdr)                \setlength{\headheight}{13.83772pt}.
(fancyhdr)                You might also make \topmargin smaller:
(fancyhdr)                \addtolength{\topmargin}{-1.83772pt}.

[249]


Package fancyhdr Warning: \headheight is too small (12.0pt): 
(fancyhdr)                Make it at least 13.83772pt, for example:
(fancyhdr)                \setlength{\headheight}{13.83772pt}.
(fancyhdr)                You might also make \topmargin smaller:
(fancyhdr)                \addtolength{\topmargin}{-1.83772pt}.

[250]
Underfull \hbox (badness 10000) in paragraph at lines 457--463
[][][][][][][][] [] [][][][][][][] [] [][][][][][][][] [] [][][][][][] [] [][][
][] [] [][][][][][] [] [][][][][] [] [][][][][][] [] [][] []
 []




Package fancyhdr Warning: \headheight is too small (12.0pt): 
(fancyhdr)                Make it at least 13.83772pt, for example:
(fancyhdr)                \setlength{\headheight}{13.83772pt}.
(fancyhdr)                You might also make \topmargin smaller:
(fancyhdr)                \addtolength{\topmargin}{-1.83772pt}.

[251]


Package fancyhdr Warning: \headheight is too small (12.0pt): 
(fancyhdr)                Make it at least 13.83772pt, for example:
(fancyhdr)                \setlength{\headheight}{13.83772pt}.
(fancyhdr)                You might also make \topmargin smaller:
(fancyhdr)                \addtolength{\topmargin}{-1.83772pt}.

[252]


Package fancyhdr Warning: \headheight is too small (12.0pt): 
(fancyhdr)                Make it at least 13.83772pt, for example:
(fancyhdr)                \setlength{\headheight}{13.83772pt}.
(fancyhdr)                You might also make \topmargin smaller:
(fancyhdr)                \addtolength{\topmargin}{-1.83772pt}.

[253]) (ending.tex


Package fancyhdr Warning: \headheight is too small (12.0pt): 
(fancyhdr)                Make it at least 13.83772pt, for example:
(fancyhdr)                \setlength{\headheight}{13.83772pt}.
(fancyhdr)                You might also make \topmargin smaller:
(fancyhdr)                \addtolength{\topmargin}{-1.83772pt}.

[254])

[255

] (main.aux)
 ***********
LaTeX2e <2025-06-01> patch level 1
L3 programming layer <2025-08-13>
 ***********


LaTeX Warning: There were undefined references.

Package rerunfilecheck Info: File `main.out' has not changed.
(rerunfilecheck)             Checksum: C2BED39A09240348003BA7A6B73BD390;74197.
 ) 
Here is how much of TeX's memory you used:
 39878 strings out of 403249
 880033 string characters out of 5463138
 1550685 words of memory out of 5000000
 67432 multiletter control sequences out of 15000+600000
 636104 words of font info for 141 fonts, out of 8000000 for 9000
 1348 hyphenation exceptions out of 8191
 100i,20n,104p,959b,1304s stack positions out of 10000i,1000n,20000p,200000b,200000s

Output written on main.pdf (263 pages).
